Ключевое слово;Частота Yandex;На странице?;Где;Направление;Подпапка
crm система что это такое;9408;нет;—;BPM и автоматизация бизнес-процессов;
crm системы клиентов;1225;нет;—;BPM и автоматизация бизнес-процессов;
управление crm системами;1089;нет;—;BPM и автоматизация бизнес-процессов;CRM системы
что такое crm система простыми словами;974;нет;—;BPM и автоматизация бизнес-процессов;
crm управление клиентами;830;нет;—;BPM и автоматизация бизнес-процессов;
суть crm системы;744;нет;—;BPM и автоматизация бизнес-процессов;
crm системы для продаж;724;нет;—;BPM и автоматизация бизнес-процессов;
crm системы для бизнеса;703;нет;—;BPM и автоматизация бизнес-процессов;
внедрение crm системы;657;нет;—;BPM и автоматизация бизнес-процессов;
crm системой компании;652;нет;—;BPM и автоматизация бизнес-процессов;CRM системы
crm системы что это простыми словами;602;нет;—;BPM и автоматизация бизнес-процессов;
crm системы примеры;567;нет;—;BPM и автоматизация бизнес-процессов;
crm системы что это такое простыми;563;нет;—;BPM и автоматизация бизнес-процессов;
разработка информационных систем и приложений;552;нет;—;Информационные системы и цифровая трансформация;Жизненный цикл
вместо excel;518;да;текст;Преодоление технических лимитов и масштабирование;
система управления клиентами crm;510;нет;—;BPM и автоматизация бизнес-процессов;
crm управления взаимоотношениями с клиентами;506;нет;—;BPM и автоматизация бизнес-процессов;
интеграция crm систем;504;нет;—;BPM и автоматизация бизнес-процессов;CRM системы
crm системы какие есть;497;нет;—;BPM и автоматизация бизнес-процессов;
данные в crm системе;484;нет;—;Информационные системы и цифровая трансформация;
бесплатные crm системы;478;нет;—;BPM и автоматизация бизнес-процессов;
crm система c;459;нет;—;BPM и автоматизация бизнес-процессов;
crm система для малого;450;нет;—;BPM и автоматизация бизнес-процессов;
процессы crm системы;437;нет;—;BPM и автоматизация бизнес-процессов;
crm система для малого бизнеса;434;нет;—;BPM и автоматизация бизнес-процессов;
crm системы выбрать;434;нет;—;BPM и автоматизация бизнес-процессов;
клиентские приложения баз данных;411;нет;—;BPM и автоматизация бизнес-процессов;
crm системы база;399;нет;—;BPM и автоматизация бизнес-процессов;
crm система программы;397;нет;—;BPM и автоматизация бизнес-процессов;
системы учета crm;375;нет;—;BPM и автоматизация бизнес-процессов;
информационная система crm;372;нет;—;BPM и автоматизация бизнес-процессов;
crm системы задачи;359;нет;—;Информационные системы и цифровая трансформация;
системы автоматизации crm система;351;нет;—;BPM и автоматизация бизнес-процессов;
b2b crm;348;нет;—;Автоматизация рутинных операций и отчетов;B2B CRM
crm b2b;348;нет;—;Автоматизация рутинных операций и отчетов;B2B CRM
crm системы бывают;345;нет;—;BPM и автоматизация бизнес-процессов;
crm система какие бывают;333;нет;—;BPM и автоматизация бизнес-процессов;
инструменты crm системы;329;нет;—;BPM и автоматизация бизнес-процессов;
системы управления crm взаимоотношений;322;нет;—;Информационные системы и цифровая трансформация;
варианты crm систем;315;нет;—;BPM и автоматизация бизнес-процессов;CRM системы
crm система взаимоотношений клиентами;311;нет;—;BPM и автоматизация бизнес-процессов;
1 crm системы;310;нет;—;BPM и автоматизация бизнес-процессов;
тип crm систем;300;нет;—;BPM и автоматизация бизнес-процессов;CRM системы
системы управления взаимоотношений с клиентами crm;299;нет;—;BPM и автоматизация бизнес-процессов;
управление взаимоотношениями с клиентами crm система;299;нет;—;BPM и автоматизация бизнес-процессов;
crm система битрикс;298;нет;—;BPM и автоматизация бизнес-процессов;
лучшие crm системы;284;нет;—;BPM и автоматизация бизнес-процессов;
аналог excel;283;нет;—;Преодоление технических лимитов и масштабирование;
аналоги excel;283;нет;—;Преодоление технических лимитов и масштабирование;
корпоративной crm системе;260;нет;—;Информационные системы и цифровая трансформация;
электронная система crm;258;нет;—;BPM и автоматизация бизнес-процессов;
основные crm системы;255;нет;—;Информационные системы и цифровая трансформация;
crm системы анализ;253;нет;—;BPM и автоматизация бизнес-процессов;
crm системы предприятий;252;нет;—;BPM и автоматизация бизнес-процессов;
выбор crm системы;251;нет;—;BPM и автоматизация бизнес-процессов;
организация crm система;251;нет;—;BPM и автоматизация бизнес-процессов;
crm система россии;248;нет;—;BPM и автоматизация бизнес-процессов;
crm системы используют;241;нет;—;BPM и автоматизация бизнес-процессов;
2 crm системы;235;нет;—;BPM и автоматизация бизнес-процессов;
bpm crm;232;нет;—;BPM и автоматизация бизнес-процессов;BPM-системы
crm bpm;232;нет;—;BPM и автоматизация бизнес-процессов;BPM-системы
crm система информация;229;нет;—;BPM и автоматизация бизнес-процессов;
crm система позволяет;226;нет;—;BPM и автоматизация бизнес-процессов;
разработка crm систем;226;нет;—;Информационные системы и цифровая трансформация;
аналитик crm системы;224;нет;—;BPM и автоматизация бизнес-процессов;
аналитика crm системы;224;нет;—;BPM и автоматизация бизнес-процессов;
создание crm системы;223;нет;—;BPM и автоматизация бизнес-процессов;
crm система является;220;нет;—;BPM и автоматизация бизнес-процессов;
crm система сервисы;219;нет;—;BPM и автоматизация бизнес-процессов;
использование crm система;218;нет;—;BPM и автоматизация бизнес-процессов;
виды crm систем;215;нет;—;BPM и автоматизация бизнес-процессов;CRM системы
crm системе битрикс24;213;нет;—;Информационные системы и цифровая трансформация;
платформа crm системы;206;нет;—;BPM и автоматизация бизнес-процессов;
менеджер crm системы;205;нет;—;BPM и автоматизация бизнес-процессов;
crm системы список;204;нет;—;BPM и автоматизация бизнес-процессов;
crm взаимодействие с клиентами;202;нет;—;BPM и автоматизация бизнес-процессов;
crm системы приложения;194;нет;—;BPM и автоматизация бизнес-процессов;
система crm используется;193;нет;—;BPM и автоматизация бизнес-процессов;
автоматизированную систему crm;190;нет;—;BPM и автоматизация бизнес-процессов;CRM системы
система электронного документооборота приложение;185;нет;—;BPM и автоматизация бизнес-процессов;
разработка информационных систем и web приложений;183;нет;—;Информационные системы и цифровая трансформация;Жизненный цикл
к crm системам относится система;182;нет;—;BPM и автоматизация бизнес-процессов;
система работы клиентами crm;179;нет;—;BPM и автоматизация бизнес-процессов;
crm системы создать;178;нет;—;BPM и автоматизация бизнес-процессов;
crm система обучение;177;нет;—;BPM и автоматизация бизнес-процессов;
таблицы учета клиентов;177;нет;—;BPM и автоматизация бизнес-процессов;
система заявок crm;174;нет;—;BPM и автоматизация бизнес-процессов;
существующие crm системы;174;нет;—;BPM и автоматизация бизнес-процессов;
через систему crm;174;нет;—;BPM и автоматизация бизнес-процессов;CRM системы
crm 24 система;173;нет;—;BPM и автоматизация бизнес-процессов;
crm система онлайн;173;нет;—;BPM и автоматизация бизнес-процессов;
какую crm систему выбрать;172;нет;—;BPM и автоматизация бизнес-процессов;CRM системы
crm системы русские;169;нет;—;BPM и автоматизация бизнес-процессов;
проект crm системы;167;нет;—;BPM и автоматизация бизнес-процессов;
crm система bitrix24;166;нет;—;BPM и автоматизация бизнес-процессов;
облачные crm системы;165;нет;—;BPM и автоматизация бизнес-процессов;
crm системы самому;164;нет;—;BPM и автоматизация бизнес-процессов;
работа в crm системе что это;164;нет;—;BPM и автоматизация бизнес-процессов;
цели crm систем;163;нет;—;BPM и автоматизация бизнес-процессов;CRM системы
функции crm систем;162;нет;—;BPM и автоматизация бизнес-процессов;CRM системы
эффективность crm систем;162;нет;—;BPM и автоматизация бизнес-процессов;CRM системы
crm система клиентская;161;нет;—;BPM и автоматизация бизнес-процессов;
crm системы маркетинг;160;нет;—;BPM и автоматизация бизнес-процессов;
автоматизация Excel таблиц;160;нет;—;Автоматизация рутинных операций и отчетов;Автоматизация Excel
автоматизация таблиц excel;160;нет;—;Автоматизация рутинных операций и отчетов;Автоматизация Excel
система управления продажами crm;157;нет;—;BPM и автоматизация бизнес-процессов;
amo crm системы;154;нет;—;BPM и автоматизация бизнес-процессов;
crm системы бизнес процесс;154;нет;—;BPM и автоматизация бизнес-процессов;CRM системы
внедрить crm систему;153;нет;—;BPM и автоматизация бизнес-процессов;CRM системы
перечислите crm системы;153;нет;—;BPM и автоматизация бизнес-процессов;
система контроля crm;149;нет;—;BPM и автоматизация бизнес-процессов;
информационные системы crm erp;148;нет;—;Информационные системы и цифровая трансформация;
ведение базы crm;146;нет;—;BPM и автоматизация бизнес-процессов;
crm scm систем;145;нет;—;BPM и автоматизация бизнес-процессов;CRM системы
crm система битрикс 24;143;нет;—;BPM и автоматизация бизнес-процессов;
crm система контакты;142;нет;—;BPM и автоматизация бизнес-процессов;
управление торговлей и взаимоотношениями с клиентами crm;142;нет;—;BPM и автоматизация бизнес-процессов;
формы взаимодействия с клиентом;139;нет;—;BPM и автоматизация бизнес-процессов;
модули crm системы;138;нет;—;BPM и автоматизация бизнес-процессов;
преимущества электронных таблиц;136;нет;—;Автоматизация рутинных операций и отчетов;Автоматизация Excel
crm система сделка;133;нет;—;BPM и автоматизация бизнес-процессов;
excel работа с большими данными;133;нет;—;Внутренние учетные системы для бизнеса;Обработка данных
crm система для отдела продаж;132;нет;—;BPM и автоматизация бизнес-процессов;
настройка crm системы;132;нет;—;BPM и автоматизация бизнес-процессов;
crm системы для продаж что это;131;нет;—;BPM и автоматизация бизнес-процессов;
crm система документы;130;нет;—;BPM и автоматизация бизнес-процессов;
приложение для учета клиентов;130;нет;—;BPM и автоматизация бизнес-процессов;
новые crm системы;127;нет;—;BPM и автоматизация бизнес-процессов;
продукты crm системы;127;нет;—;BPM и автоматизация бизнес-процессов;
системы учета клиентов crm;127;нет;—;BPM и автоматизация бизнес-процессов;
аналог гугл таблиц;125;нет;—;BPM и автоматизация бизнес-процессов;
аналог гугл таблицы;125;нет;—;Преодоление технических лимитов и масштабирование;
аналоги гугл таблиц;125;нет;—;Преодоление технических лимитов и масштабирование;
аналоги гугл таблицы;125;нет;—;Преодоление технических лимитов и масштабирование;
гугл таблицы аналог;125;нет;—;Преодоление технических лимитов и масштабирование;
1с управление взаимоотношениями с клиентами crm;124;нет;—;BPM и автоматизация бизнес-процессов;
в crm системе можно;124;нет;—;Информационные системы и цифровая трансформация;
crm системы названия;123;нет;—;BPM и автоматизация бизнес-процессов;
возможности crm системы;123;нет;—;BPM и автоматизация бизнес-процессов;
crm система звонки;122;нет;—;BPM и автоматизация бизнес-процессов;
внутренняя crm система;122;нет;—;BPM и автоматизация бизнес-процессов;
специалист crm системы;122;нет;—;BPM и автоматизация бизнес-процессов;
excel вместо цифр;122;нет;—;Преодоление технических лимитов и масштабирование;
crm система помогает;121;нет;—;BPM и автоматизация бизнес-процессов;
5 crm система;120;нет;—;BPM и автоматизация бизнес-процессов;
crm и другие системы;120;нет;—;BPM и автоматизация бизнес-процессов;
crm системы какие программы;118;нет;—;BPM и автоматизация бизнес-процессов;
o crm системы;118;нет;—;BPM и автоматизация бизнес-процессов;
crm система войти;116;нет;—;BPM и автоматизация бизнес-процессов;
erp crm системы что это;114;нет;—;BPM и автоматизация бизнес-процессов;
интегрированной системы crm;114;нет;—;BPM и автоматизация бизнес-процессов;
автоматизация продаж crm;113;нет;—;BPM и автоматизация бизнес-процессов;
crm система чаты;112;нет;—;BPM и автоматизация бизнес-процессов;
информационная система является приложение;112;нет;—;Информационные системы и цифровая трансформация;Определения
crm систему клиентская база;111;нет;—;BPM и автоматизация бизнес-процессов;
история crm систем;111;нет;—;BPM и автоматизация бизнес-процессов;CRM системы
рынок crm системы;111;нет;—;BPM и автоматизация бизнес-процессов;
crm система как читается;110;нет;—;BPM и автоматизация бизнес-процессов;
crm системы предназначены;110;нет;—;BPM и автоматизация бизнес-процессов;
crm erp scm системы;109;нет;—;BPM и автоматизация бизнес-процессов;
единая crm система;109;нет;—;BPM и автоматизация бизнес-процессов;
какие crm системы существуют;108;нет;—;BPM и автоматизация бизнес-процессов;
crm система таблица;106;нет;—;BPM и автоматизация бизнес-процессов;
аналитика сводные таблицы;104;нет;—;Автоматизация рутинных операций и отчетов;Сводные таблицы
сводная таблица аналитики;104;нет;—;Автоматизация рутинных операций и отчетов;Сводные таблицы
crm системы недвижимость;103;нет;—;BPM и автоматизация бизнес-процессов;
современная crm система;103;нет;—;BPM и автоматизация бизнес-процессов;
топ crm систем;103;нет;—;BPM и автоматизация бизнес-процессов;CRM системы
excel автоматизация процессов;103;нет;—;Автоматизация рутинных операций и отчетов;Автоматизация Excel
автоматизация Excel процессов;103;нет;—;Автоматизация рутинных операций и отчетов;Автоматизация Excel
оценки crm систем;101;нет;—;BPM и автоматизация бизнес-процессов;CRM системы
интеграция сайта с crm системой;101;нет;—;Информационные системы и цифровая трансформация;
crm систем склад;100;нет;—;BPM и автоматизация бизнес-процессов;CRM системы
crm система excel;100;нет;—;BPM и автоматизация бизнес-процессов;
crm система агентства;100;нет;—;BPM и автоматизация бизнес-процессов;
популярные crm системы;100;нет;—;BPM и автоматизация бизнес-процессов;
приложение для автоматической записи звонков;100;нет;—;BPM и автоматизация бизнес-процессов;
системы crm bpm;100;нет;—;BPM и автоматизация бизнес-процессов;
управление отношениями клиентами crm;100;нет;—;BPM и автоматизация бизнес-процессов;
эффективная crm система;100;нет;—;BPM и автоматизация бизнес-процессов;
crm система банка;99;нет;—;BPM и автоматизация бизнес-процессов;
поддержка crm системы;99;нет;—;BPM и автоматизация бизнес-процессов;
преимущества crm систем;99;нет;—;BPM и автоматизация бизнес-процессов;CRM системы
crm система как выглядит;98;нет;—;BPM и автоматизация бизнес-процессов;
отчеты crm системы;98;нет;—;BPM и автоматизация бизнес-процессов;
проектирование и разработка приложения информационной системы;98;нет;—;Информационные системы и цифровая трансформация;
автоматизация бизнес процессов приложения;97;нет;—;BPM и автоматизация бизнес-процессов;Автоматизация операций
crm системы рассылки;95;нет;—;BPM и автоматизация бизнес-процессов;
erp crm bpm;95;нет;—;BPM и автоматизация бизнес-процессов;BPM-системы
интерфейс crm систем;95;нет;—;BPM и автоматизация бизнес-процессов;CRM системы
сделать crm систему;95;нет;—;BPM и автоматизация бизнес-процессов;CRM системы
согласование документа в электронной форме;94;нет;—;BPM и автоматизация бизнес-процессов;
crm система анализ данных;93;нет;—;BPM и автоматизация бизнес-процессов;
какие системы относятся к crm;93;нет;—;BPM и автоматизация бизнес-процессов;
учетная система crm;93;нет;—;BPM и автоматизация бизнес-процессов;
технология разработки информационных систем и web приложений;93;нет;—;Информационные системы и цифровая трансформация;Жизненный цикл
crm для учета клиентов;92;нет;—;BPM и автоматизация бизнес-процессов;
подбор crm системы;92;нет;—;BPM и автоматизация бизнес-процессов;
приложение для управления клиентами;92;нет;—;BPM и автоматизация бизнес-процессов;
установить crm систему;91;нет;—;BPM и автоматизация бизнес-процессов;CRM системы
