Ключевое слово;Частота Yandex;Где;Направление;Подпапка
что такое информационная система;6170;title;Информационные системы и цифровая трансформация;Определения
определение информационной системы;5449;текст;Информационные системы и цифровая трансформация;Определения
информационная система простыми словами;1299;текст;Информационные системы и цифровая трансформация;Определения
вместо excel;518;текст;Преодоление технических лимитов и масштабирование;
систем инфо;127;текст;Преодоление технических лимитов и масштабирование;
что такое информационная система простыми словами;114;текст;Информационные системы и цифровая трансформация;Определения
какие бывают виды информационных систем;18;текст;Информационные системы и цифровая трансформация;Жизненный цикл
быстрый старт;0;текст;Процессный подход к управлению;
загрузить excel;0;текст;Процессный подход к управлению;
замена excel;0;текст;Процессный подход к управлению;
