Ключевое слово;Частота Yandex;Где на странице;Направление;Подпапка
что такое информационная система;6170;текст;Информационные системы и цифровая трансформация;Определения
вместо excel;518;текст;Преодоление технических лимитов и масштабирование;
максимальный размер таблицы;46;текст;Преодоление технических лимитов и масштабирование;
создание формы из Excel таблицы;30;текст;Автоматизация рутинных операций и отчетов;Сводные таблицы
автоматическое обновление данных из Excel;22;текст;Автоматизация рутинных операций и отчетов;Интеграция данных
парсинг Excel файлов;22;текст;Автоматизация рутинных операций и отчетов;Интеграция данных
аналог airtable;16;H1;Преодоление технических лимитов и масштабирование;
конвертация Excel в приложение;12;текст;Автоматизация рутинных операций и отчетов;Excel в приложения
российский аналог airtable;10;текст;BPM и автоматизация бизнес-процессов;
создание веб-приложений для аналитиков;7;текст;Преодоление технических лимитов и масштабирование;
производительность таблиц с миллионами строк;0;текст;Преодоление технических лимитов и масштабирование;
excel в;0;текст;Процессный подход к управлению;
автоматическое обновление;0;текст;Процессный подход к управлению;
загрузить excel;0;текст;Процессный подход к управлению;
замена excel;0;title+H1;Процессный подход к управлению;
конвертация excel;0;текст;Процессный подход к управлению;
миграция данных;0;текст;Процессный подход к управлению;
создание форм;0;текст;Процессный подход к управлению;
