Запросы;2026-08-19;2026-08-16;2026-08-10;2026-08-01;2026-07-29
"сколько унций брать перчатки для бокса";8;6;6;--;--
"перчатки для бокса как выбрать унции";10;8;8;--;--
"как правильно выбрать перчатки для бокса";11;28;28;--;--
"какие лучшие перчатки для бокса";20;20;29;--;--
"снарядные перчатки для бокса";22;18;79;77;80
"перчатки для бокса мужские";24;26;27;25;26
"перчатки для бокса для мужчин";25;27;26;28;25
"для чего нужны перчатки для бокса";26;29;28;--;--
"купить перчатки для бокса";27;13;27;26;27
"какие перчатки для бокса выбрать";27;28;28;--;--
"перчатки для тренировки бокса";34;47;26;30;68
"купить снарядные перчатки для бокса";53;12;10;28;55
"перчатки для бокса";56;69;67;62;63
"перчатки для бокса 14 унций";57;54;33;28;30
"перчатки для бокса 8";59;58;25;26;26
"перчатки для бокса 16";60;56;26;26;26
"перчатки для бокса 14";60;59;26;53;31
"кожаные перчатки для бокса";73;72;32;28;27
"лучшие перчатки для бокса";82;--;--;--;--
"перчатки для перчаточного бокса";83;74;60;58;27
"перчатки для бокса кожа";88;--;74;91;77
"боксерские перчатки everlast";;;;;
"боксерские перчатки купить";;;;;
"купить боксерские перчатки";;;;;
"перчатки для тайского бокса";;;;;
"перчатки из натуральной кожи";;;;;
"боксерские перчатки aiba";;;;;
"боксерские перчатки адидас";;;;;
"перчатки для бокса оптом";;;;;
"профессиональные боксерские перчатки";;;;;
"тренировочные перчатки для бокса";;;;;
"детские перчатки для бокса";;;;;
"профессиональные перчатки для бокса";;;;;
"перчатки для тайского бокса купить";;;;;
"боксерские перчатки 16 унций купить";;;;;
"купить детские боксерские перчатки";;;;;
"детские боксерские перчатки";;;;;
"где купить боксерские перчатки";;;;;
"купить боксерские перчатки everlast";;;;;
"женские боксерские перчатки";;;;;
"перчатки для бокса детские";;;;;
"как выбрать перчатки для бокса";;;;;
"боксерские перчатки купить спортмастер";;;;;
"купить боксерские перчатки адидас";;;;;
"какие боксерские перчатки купить";;;;;
"какие боксерские перчатки лучше купить";;;;;
"женские боксерские перчатки купить";;;;;
"сколько унций перчатки для бокса";;;;;
"перчатки для бокса эверласт";;;;;
"боксерские перчатки женские купить";;;;;
"twins перчатки для бокса";--;--;--;--;--
"перчатки для бокса venum";--;--;--;--;--
"перчатки для бокса 8 унций";;;;;
"как подобрать перчатки для бокса";;;;;
"перчатки для тайского бокса как выбрать";;;;;
"как выбрать размер перчаток для бокса";;;;;
"перчатки для бокса 16 унций";;;;;
"перчатки для спарринга бокс";;;;;
"мешок боксерский детский";;;;;
"кожаные боксерские перчатки";;;;;
"перчатки для бокса 10 унций";;;;;
"боксерские перчатки 16 унций";;;;;
"боксерские перчатки 14 унций";;;;;
"выбор перчаток для бокса";;;;;
"купить боксерские перчатки москва";;;;;
"перчатки для бокса 12 унций";;;;;
"детский боксерский мешок";;;;;
"боксерские перчатки для женщин";;;;;
"купить боксерские перчатки минск";;;;;
"как определить размер перчаток для бокса";;;;;
"боксерские перчатки кожаные";;;;;
"купить боксерские перчатки в беларуси";;;;;
"женские боксерские шорты";;;;;
"боксерские перчатки 10 унций купить";;;;;
"боксерские перчатки для соревнований";;;;;
"боксерские перчатки кожаные купить";;;;;
"розовые боксерские перчатки купить";;;;;
"боксерский шлем clinch";;;;;
"боксерские перчатки fairtex купить";;;;;
"купить снарядные боксерские перчатки";;;;;
"хорошие боксерские перчатки купить";;;;;
"купить перчатки для бокса 12 унций";;;;;
"купить перчатки для бокса 16 унций";;;;;
"можно купить боксерские перчатки";;;;;
"купить перчатки для бокса дешево";;;;;
"лучшие боксерские перчатки купить";;;;;
"боксерские перчатки с гелем";;;;;
"боксерские перчатки для новичков";;;;;
"перчатки для бокса тренировочные";;;;;
"тренировочные перчатки бокс";;;;;
"перчатки для бокса 8 oz";--;--;69;69;64
"розовые перчатки для бокса";--;--;69;68;82
"боксерские перчатки leone";;;;;
"купить боксерские перчатки грин хилл";;;;;
"детский набор для бокса груша перчатки";;;;;
"топ перчаток для бокса";;;;;
"детские боксерские перчатки 7 лет";;;;;
"перчатки для бокса топ тен";;;;;
"бюджетные боксерские перчатки";;;;;
"размеры перчаток для бокса";;;;;
"боксерские перчатки leone glory";;;;;
"женский бандаж для бокса";;;;;
"купить боксерские перчатки 16";;;;;
"перчатки для бокса рдх";;;;;
"перчатки для работы на груше";;;;;
"какие перчатки для бокса";;;;;
"купить боксерские перчатки на озоне";;;;;
"перчатки на шнуровке бокс";;;;;
"как сделать перчатки для бокса";--;--;--;--;--
"как подобрать размер перчаток для бокса";;;;;
"перчатки для бокса для девушек";--;55;25;27;36
"вес перчаток для бокса";;;;;
"перчатки для спарринга бокс сколько унций";;;;;
"розовые боксерские перчатки женские";;;;;
"унции в перчатках для бокса что";;;;;
"какие бывают перчатки для бокса";;;;;
"детская боксерская груша перчатки боксерские";;;;;
"купить перчатки боксерские 14";;;;;
"сколько унций для тренировок перчатки бокса";;;;;
"детский перчатки боксерский набор";;;;;
"отличия перчаток для бокса";;;;;
"шлем боксерский clinch undefeated";;;;;
"купить перчатки для бокса оптом";;;;;
"боксерские рукавицы для мешка";;;;;
"боксерские перчатки кожи ??";;;;;
"рукавицы для работы на груше";;;;;
"боксерские перчатки велом";;;;;
"рукавицы тренировочные бокс";;;;;
"перчатки для спаррингов 14 унций";;;;;
"боксерские рукавицы кожаные";;;;;
"перчатки для бокса с вентозалами";;;;;
"перчатки для бокса юниорские";;;;;
"рукавицы нике для бокса";;;;;
"купить перчатки для бокса гринхилл";;;;;
"боксерские перчатки р2р";;;;;
"боксерские рукавицы для тренера";;;;;
"перчатки для бокса с завязками";;;;;
"купить перчатки для бокса на липучке";;;;;
"боксерские перчатки с ремнем";;;;;
"перчатки для бокса эластичные";;;;;
"боксерские рукавицы для пауков";;;;;
"перчатки для бокса легкие";;;;;
"купить перчатки для бокса тяжелые";;;;;
"перчатки для бокса аматуерские";;;;;
"боксерские рукавицы профи";;;;;
"перчатки для бокса с амортизацией";;;;;
"боксерские перчатки кастомные";;;;;
"перчатки для бокса с логотипом";;;;;
"боксерские рукавицы лимитированные";;;;;
"боксерские рукавицы цена";;;;;
"спарринговые перчатки заказать";;;;;
"соревновательные перчатки бокс";;;;;
"перчатки для мешка бокс";;;;;
"боксерские рукавицы для лап";;;;;
"перчатки с в??кром бокс";;;;;
"перчатки для фитнес бокса";;;;;
"перчатки премиум класс бокс";;;;;
"перчатки для мма и бокса";;;;;
"тренировочные рукавицы 12 унций";;;;;
"перчатки для спарринга 14 унц";;;;;
"соревновательные рукавицы 10 унц";;;;;
"перчатки для тяжелых весов";;;;;
"перчатки с вентиляцией бокс";;;;;
"лучшие боксерские перчатки 2024";;;;;
"боксерские рукавицы 14 унций";;;;;
"перчатки для мма открытые";;;;;
"боксерские перчатки с велкром";;;;;
"перчатки для бокса шнуровка";;;;;
"боксерские рукавицы тренировочные";;;;;
"боксерские перчатки гринхилл";;;;;
"боксерские рукавицы аддидас";;;;;
"боксерские перчатки вениум";;;;;
"перчатки для бокса фэйртекс";;;;;
"боксерские рукавицы твинс";;;;;
"перчатки для бокса юксу";;;;;
"перчатки для бокса бенево";;;;;
"боксерские рукавицы райвал";;;;;
"перчатки для бокса классик";;;;;
"боксерские рукавицы женские";;;;;
"перчатки для бокса аматуер";;;;;
"боксерские рукавицы про";;;;;
"перчатки для бокса соревнования";;;;;
"боксерские рукавицы спарринговые";;;;;
"перчатки специальные восточные тигры из натуральной кожи";;;;;
"какие купили боксерские перчатки";;;;;
"минск купить боксерские перчатки снарядные";;;;;
"отличие перчаток для тайского бокса от обычного";;;;;
"купить перчатки для тайского бокса файтер шоп";;;;;
"перчатки для детского бокса";;;;;
"перчатки для спаррингов бокс";;;;;
"выбрать перчатки для бокса ребенку";;;;;
