Запросы;2026-08-16;2026-08-10
"одежда для бокса";31;32
"для бокса экипировка";27;27
"для бокса одежда";28;33
"одежда бокс";86;93
"купить форму для бокса";27;28
"форма для бокса для девочек";11;9
"одежда для бокса женская";8;54
"одежда для бокса мужская";13;70
"бренды одежды для бокса";--;--
"экипировка для бокса";26;26
"экипировка для бокса купить";27;26
"фирмы экипировки для бокса";84;85
"купить вещи для бокса";27;--
"сколько стоит экипировка для бокса";25;27
"магазин экипировки для бокса";26;27
"купить напольную грушу для бокса взрослую";--;--
"боксёрская одежда";55;54
"боксерские майки";90;27
"майка боксерская";85;16
"боксерская майка";78;--
"боксерская одежда";31;30
"купить боксерскую форму";28;27
"синяя боксерская форма";6;8
"одежда для занятий боксом";12;26
"боксерские бренды одежды";--;--
"боксерские перчатки ринг";63;27
"боксерский стиль одежды";--;89
"купить белорусский спортивный костюм";--;--
"спортивные костюмы с белорусской символикой";10;--
"купить спортивный костюм с белорусской символикой";--;--
"спортивный костюм с символикой беларуси";74;--
"спортивные костюмы с символикой беларусь";72;--
"купить спортивный костюм с символикой беларусь";--;--
"спортивный костюм бокс";--;--
"спортивный костюм мужской беларусь";--;--
"костюм спортивный мужской беларусь";--;--
"купить спортивный костюм бокс";--;56
"купить спортивный костюм мужской в беларуси";--;--
"спортивные костюмы бокс";--;--
"спортивный костюм беларусь мужской";--;--
"белорусские спортивные костюмы";--;--
"боксерский костюм";9;--
"костюм боксерский";8;88
"спортивный костюм белорусский";--;--
"спортивный костюм белоруссия";--;--
"боксёрский костюм";8;--
"спортивный костюм с майкой";--;--
"костюм спортивный беларусь";--;--
"спортивные костюмы беларусь";--;--
"спортивные белорусские костюмы";--;--
"костюм мужской спортивный белоруссией";--;--
"белорусский спортивный костюм";--;--
"спортивный костюм сборной по боксу";--;--
"белорусские спортивные костюмы женские";--;--
"белорусский спортивный костюм женский купить";--;--
"белорусский трикотаж спортивный костюм";--;--
"белорусские спортивные костюмы мужские";--;--
"белорусские спортивные костюмы большого";--;--
"белорусские спортивные костюмы больших размеров";--;--
"белорусские женские спортивные костюмы больших";--;--
"белорусские спортивные костюмы женские больших размеров";--;--
"валберис белорусские спортивные костюмы";--;--
"бренд белорусских спортивных костюмов";71;--
"спортивный женский костюм белорусский на валберис";--;--
"магазин белорусских спортивных костюмов";--;--
"интернет магазин белорусских спортивных костюмов";--;--
"белорусские спортивные костюмы женские купить на валберис";--;--
"белорусские спортивные костюмы женские интернет магазин";--;--
"спортивный костюм белорусского производства";53;--
"купить белорусский мужской спортивные костюмы";--;--
"костюм спортивный женский летний белорусский";--;--
"спортивный костюм белоруссии";73;--
"спортивный костюм женский белоруссия";--;--
"костюмы спортивные белоруссия купить";--;--
"купить женский спортивный костюм белоруссия";--;--
"мужские спортивные костюмы белоруссия";97;--
"спортивные костюмы производство белоруссия";19;--
"мужские спортивные костюмы белоруссия купить";--;--
"спортивный костюм беларусь";--;--
"спортивный костюм женский беларусь";--;--
"спортивный костюм беларусь купить";--;--
"спортивные костюмы беларусь женские купить";--;--
"спортивный костюм сборной беларуси";--;--
"летние спортивные костюмы беларусь";--;--
"костюм спортивный женский беларусь валберис";--;--
"спортивные костюмы валберис беларусь";--;--
"спортивные костюмы беларусь интернет";--;--
"спортивные костюмы интернет магазины беларусь";--;--
"фото спортивного костюма сборной беларусь";--;--
"вайлдберриз беларусь купить женский спортивный костюм";--;--
"спортивный костюм с надписью беларусь";--;--
"белорусская одежда фирмы панда спортивный костюм женский";--;--
"спортивные костюмы белорусские большие размеры";--;--
"белорусский трикотаж спортивные костюмы";--;--
"купить спортивный костюм белоруссия";--;--
"купить спортивный костюм мужской белоруссия";--;--
"спортивный костюм производства белоруссии";61;--
"купить женские спортивные костюмы белоруссии";--;--
"купить спортивный костюм женский беларуси";--;--
"вайлдберриз беларусь купить костюм женский спортивный летний";--;--
"спортивные костюмы беларусь интернет магазин";--;--
"валберис костюм спортивный беларусь";--;--
"боксы женские купить";--;--
"боксерская форма спортивная одежда";8;27
"костюм для бокса на мальчика";7;7
"одежда для бокса на мальчика";2;26
"костюм спортивнии белоруссь";--;--
"спортивные костюмы из беларусии";--;--
"белорусская одежда 44-46 спортивный костюм";--;--
"майка для мальчика 164-170 летняя";--;--
"костюм спортивный для мальчика 164-170 без начеса";--;--
"боксеркая форма";35;33
"все для бокса спорт детям";--;--
"синяя спортивная форма для мальчика";--;--
"бокс для подростка мальчика";--;--
