страница;url;тип страницы;роль;ключевое слово;частота;источник_частоты;направление;намерение;статус;приоритет
Главная;https://ideav.ru/;главная;основная;no code платформы;117;ядро (не проверено);Преодоление технических лимитов и масштабирование;не размечено;частично;1
Главная;https://ideav.ru/;главная;дополнительная;что такое информационная система;6170;ядро (не проверено);Информационные системы и цифровая трансформация;не размечено;было изначально;2
Главная;https://ideav.ru/;главная;дополнительная;вместо excel;518;ядро (не проверено);Преодоление технических лимитов и масштабирование;не размечено;было изначально;2
Главная;https://ideav.ru/;главная;дополнительная;аналог excel;283;ядро (не проверено);Преодоление технических лимитов и масштабирование;не размечено;внедрено;3
Главная;https://ideav.ru/;главная;дополнительная;информационная система и конструкторы;54;ядро (не проверено);Информационные системы и цифровая трансформация;не размечено;не внедрено;3
Главная;https://ideav.ru/;главная;дополнительная;чем заменить excel;54;ядро (не проверено);Преодоление технических лимитов и масштабирование;не размечено;не внедрено;3
Главная;https://ideav.ru/;главная;дополнительная;максимальный размер таблицы;46;ядро (не проверено);Преодоление технических лимитов и масштабирование;не размечено;было изначально;3
Главная;https://ideav.ru/;главная;дополнительная;создание формы из excel таблицы;30;ядро (не проверено);Автоматизация рутинных операций и отчетов;не размечено;было изначально;3
Главная;https://ideav.ru/;главная;дополнительная;автоматическое обновление данных из excel;22;ядро (не проверено);Автоматизация рутинных операций и отчетов;не размечено;было изначально;3
Главная;https://ideav.ru/;главная;дополнительная;парсинг excel файлов;22;ядро (не проверено);Автоматизация рутинных операций и отчетов;не размечено;было изначально;3
Главная;https://ideav.ru/;главная;дополнительная;аналог airtable;16;ядро (не проверено);Преодоление технических лимитов и масштабирование;не размечено;было изначально;3
Главная;https://ideav.ru/;главная;дополнительная;конвертация excel в приложение;12;ядро (не проверено);Автоматизация рутинных операций и отчетов;не размечено;было изначально;3
Главная;https://ideav.ru/;главная;дополнительная;российский аналог airtable;37;ядро (расходится с замером);BPM и автоматизация бизнес-процессов;не размечено;было изначально;3
Главная;https://ideav.ru/;главная;дополнительная;создание веб-приложений для аналитиков;7;ядро (не проверено);Преодоление технических лимитов и масштабирование;не размечено;было изначально;3
Главная;https://ideav.ru/;главная;дополнительная;excel в;0;ядро (не проверено);Процессный подход к управлению;не размечено;было изначально;3
Главная;https://ideav.ru/;главная;дополнительная;автоматическое обновление;0;ядро (не проверено);Процессный подход к управлению;не размечено;было изначально;3
Главная;https://ideav.ru/;главная;дополнительная;загрузить excel;0;ядро (не проверено);Процессный подход к управлению;не размечено;было изначально;3
Главная;https://ideav.ru/;главная;дополнительная;замена excel;0;ядро (не проверено);Процессный подход к управлению;не размечено;было изначально;3
Главная;https://ideav.ru/;главная;дополнительная;конвертация excel;0;ядро (не проверено);Процессный подход к управлению;не размечено;было изначально;3
Главная;https://ideav.ru/;главная;дополнительная;миграция данных;0;ядро (не проверено);Процессный подход к управлению;не размечено;было изначально;3
Главная;https://ideav.ru/;главная;дополнительная;производительность таблиц с миллионами строк;0;ядро (не проверено);Преодоление технических лимитов и масштабирование;не размечено;было изначально;3
Главная;https://ideav.ru/;главная;дополнительная;создание форм;0;ядро (не проверено);Процессный подход к управлению;не размечено;было изначально;3
Сравнение с Битрикс24 и AmoCRM;https://ideav.ru/sravnenie-s-bitrix-amocrm.html;продуктовая;основная;crm система что это такое;8302;ядро (расходится с замером);BPM и автоматизация бизнес-процессов;не размечено;частично;1
Сравнение с Битрикс24 и AmoCRM;https://ideav.ru/sravnenie-s-bitrix-amocrm.html;продуктовая;дополнительная;crm системы клиентов;808;ядро (расходится с замером);BPM и автоматизация бизнес-процессов;не размечено;не внедрено;2
Сравнение с Битрикс24 и AmoCRM;https://ideav.ru/sravnenie-s-bitrix-amocrm.html;продуктовая;дополнительная;внедрение crm системы;657;ядро (не проверено);BPM и автоматизация бизнес-процессов;не размечено;не внедрено;2
Сравнение с Битрикс24 и AmoCRM;https://ideav.ru/sravnenie-s-bitrix-amocrm.html;продуктовая;дополнительная;вместо excel;518;ядро (не проверено);Преодоление технических лимитов и масштабирование;не размечено;было изначально;2
Сравнение с Битрикс24 и AmoCRM;https://ideav.ru/sravnenie-s-bitrix-amocrm.html;продуктовая;дополнительная;crm система битрикс;259;ядро (расходится с замером);BPM и автоматизация бизнес-процессов;не размечено;не внедрено;3
Сравнение с Битрикс24 и AmoCRM;https://ideav.ru/sravnenie-s-bitrix-amocrm.html;продуктовая;дополнительная;конструктор crm;;нет данных;вне ядра;не размечено;не внедрено;3
Сравнение с Битрикс24 и AmoCRM;https://ideav.ru/sravnenie-s-bitrix-amocrm.html;продуктовая;дополнительная;чем crm-конструктор отличается от готовой crm-системы;;нет данных;вне ядра;не размечено;внедрено;3
Сравнение с Битрикс24 и AmoCRM;https://ideav.ru/sravnenie-s-bitrix-amocrm.html;продуктовая;дополнительная;что такое crm;;нет данных;вне ядра;не размечено;не внедрено;3
Загрузите Excel — получите приложение;https://ideav.ru/excel-to-app.html;продуктовая;основная;аналог excel;283;ядро (не проверено);Преодоление технических лимитов и масштабирование;не размечено;внедрено;1
Загрузите Excel — получите приложение;https://ideav.ru/excel-to-app.html;продуктовая;дополнительная;вместо excel;518;ядро (не проверено);Преодоление технических лимитов и масштабирование;не размечено;было изначально;2
Загрузите Excel — получите приложение;https://ideav.ru/excel-to-app.html;продуктовая;дополнительная;аналоги excel;283;ядро (не проверено);Преодоление технических лимитов и масштабирование;не размечено;не внедрено;3
Загрузите Excel — получите приложение;https://ideav.ru/excel-to-app.html;продуктовая;дополнительная;аналог эксель;251;ядро (не проверено);Преодоление технических лимитов и масштабирование;не размечено;не внедрено;3
Загрузите Excel — получите приложение;https://ideav.ru/excel-to-app.html;продуктовая;дополнительная;автоматизация excel таблиц;160;ядро (не проверено);Автоматизация рутинных операций и отчетов;не размечено;не внедрено;3
Загрузите Excel — получите приложение;https://ideav.ru/excel-to-app.html;продуктовая;дополнительная;преимущества электронных таблиц;136;ядро (не проверено);Автоматизация рутинных операций и отчетов;не размечено;не внедрено;3
Загрузите Excel — получите приложение;https://ideav.ru/excel-to-app.html;продуктовая;дополнительная;excel работа с большими данными;133;ядро (не проверено);Внутренние учетные системы для бизнеса;не размечено;не внедрено;3
Загрузите Excel — получите приложение;https://ideav.ru/excel-to-app.html;продуктовая;дополнительная;аналог гугл таблиц;580;ядро (расходится с замером);Преодоление технических лимитов и масштабирование;не размечено;не внедрено;2
Загрузите Excel — получите приложение;https://ideav.ru/excel-to-app.html;продуктовая;дополнительная;excel автоматизация процессов;103;ядро (не проверено);Автоматизация рутинных операций и отчетов;не размечено;не внедрено;3
Конструктор приложений вместо Excel;https://ideav.ru/konstruktor-prilozhenij.html;продуктовая;основная;вместо excel;518;ядро (не проверено);Преодоление технических лимитов и масштабирование;не размечено;было изначально;1
Конструктор приложений вместо Excel;https://ideav.ru/konstruktor-prilozhenij.html;продуктовая;дополнительная;аналог excel;283;ядро (не проверено);Преодоление технических лимитов и масштабирование;не размечено;внедрено;3
Конструктор приложений вместо Excel;https://ideav.ru/konstruktor-prilozhenij.html;продуктовая;дополнительная;аналог эксель;251;ядро (не проверено);Преодоление технических лимитов и масштабирование;не размечено;не внедрено;3
Конструктор приложений вместо Excel;https://ideav.ru/konstruktor-prilozhenij.html;продуктовая;дополнительная;автоматизация таблиц excel;160;ядро (не проверено);Автоматизация рутинных операций и отчетов;не размечено;не внедрено;3
Конструктор приложений вместо Excel;https://ideav.ru/konstruktor-prilozhenij.html;продуктовая;дополнительная;excel автоматизация процессов;103;ядро (не проверено);Автоматизация рутинных операций и отчетов;не размечено;не внедрено;3
Конструктор приложений вместо Excel;https://ideav.ru/konstruktor-prilozhenij.html;продуктовая;дополнительная;crm система excel;76;ядро (расходится с замером);BPM и автоматизация бизнес-процессов;не размечено;не внедрено;3
Конструктор приложений вместо Excel;https://ideav.ru/konstruktor-prilozhenij.html;продуктовая;дополнительная;сводные таблицы excel в дашборд;80;ядро (не проверено);Автоматизация рутинных операций и отчетов;не размечено;не внедрено;3
Конструктор приложений вместо Excel;https://ideav.ru/konstruktor-prilozhenij.html;продуктовая;дополнительная;сводные таблицы и дашборды в excel;37;ядро (не проверено);Автоматизация рутинных операций и отчетов;не размечено;не внедрено;3
Конструктор приложений вместо Excel;https://ideav.ru/konstruktor-prilozhenij.html;продуктовая;дополнительная;аналог airtable;16;ядро (не проверено);Преодоление технических лимитов и масштабирование;не размечено;было изначально;3
Конструктор приложений вместо Excel;https://ideav.ru/konstruktor-prilozhenij.html;продуктовая;дополнительная;российский аналог airtable;37;ядро (расходится с замером);BPM и автоматизация бизнес-процессов;не размечено;было изначально;3
Конструктор приложений вместо Excel;https://ideav.ru/konstruktor-prilozhenij.html;продуктовая;дополнительная;excel в;0;ядро (не проверено);Процессный подход к управлению;не размечено;было изначально;3
Конструктор приложений вместо Excel;https://ideav.ru/konstruktor-prilozhenij.html;продуктовая;дополнительная;загрузить excel;0;ядро (не проверено);Процессный подход к управлению;не размечено;было изначально;3
ИИ-агент вместо low-code платформ;https://ideav.ru/agent-platforms.html;продуктовая;основная;информационная система и платформы;2393;ядро (не проверено);Информационные системы и цифровая трансформация;не размечено;внедрено;1
ИИ-агент вместо low-code платформ;https://ideav.ru/agent-platforms.html;продуктовая;дополнительная;информационная система и искусственный интеллект;1986;ядро (не проверено);Информационные системы и цифровая трансформация;не размечено;не внедрено;2
ИИ-агент вместо low-code платформ;https://ideav.ru/agent-platforms.html;продуктовая;дополнительная;автоматизация рутинных задач;1759;ядро (не проверено);BPM и автоматизация бизнес-процессов;не размечено;не внедрено;2
ИИ-агент вместо low-code платформ;https://ideav.ru/agent-platforms.html;продуктовая;дополнительная;платформа больших данных;1114;ядро (не проверено);Внутренние учетные системы для бизнеса;не размечено;не внедрено;2
ИИ-агент вместо low-code платформ;https://ideav.ru/agent-platforms.html;продуктовая;дополнительная;искусственный интеллект и интеллектуальные информационные системы;267;ядро (не проверено);Информационные системы и цифровая трансформация;не размечено;не внедрено;3
ИИ-агент вместо low-code платформ;https://ideav.ru/agent-platforms.html;продуктовая;дополнительная;система bpm;11;ядро (не проверено);BPM и автоматизация бизнес-процессов;не размечено;было изначально;3
ИИ-агент вместо low-code платформ;https://ideav.ru/agent-platforms.html;продуктовая;дополнительная;api для;0;ядро (не проверено);Процессный подход к управлению;не размечено;было изначально;3
ИИ-агент вместо low-code платформ;https://ideav.ru/agent-platforms.html;продуктовая;дополнительная;загрузить excel;0;ядро (не проверено);Процессный подход к управлению;не размечено;было изначально;3
ИИ-агент вместо low-code платформ;https://ideav.ru/agent-platforms.html;продуктовая;дополнительная;low-code;;нет данных;вне ядра;не размечено;внедрено;3
Массовое сопоставление каталогов;https://ideav.ru/catalog-matching.html;продуктовая;основная;каталог данных предприятия;58;ядро (не проверено);Внутренние учетные системы для бизнеса;не размечено;не внедрено;1
Массовое сопоставление каталогов;https://ideav.ru/catalog-matching.html;продуктовая;дополнительная;информационная система и справочники;281;ядро (не проверено);Информационные системы и цифровая трансформация;не размечено;не внедрено;3
Массовое сопоставление каталогов;https://ideav.ru/catalog-matching.html;продуктовая;дополнительная;сопоставление каталогов;;нет данных;вне ядра;не размечено;было изначально;3
Массовое сопоставление каталогов;https://ideav.ru/catalog-matching.html;продуктовая;дополнительная;сопоставление номенклатуры;2738;замер 18.08;вне ядра;не размечено;не внедрено;2
Токены Интеграма;https://ideav.ru/tokens.html;продуктовая;основная;crm система стоимость;75;ядро (не проверено);BPM и автоматизация бизнес-процессов;не размечено;не внедрено;1
Токены Интеграма;https://ideav.ru/tokens.html;продуктовая;дополнительная;учет оплаты клиентов;245;ядро (не проверено);BPM и автоматизация бизнес-процессов;не размечено;не внедрено;3
Токены Интеграма;https://ideav.ru/tokens.html;продуктовая;дополнительная;стоимость действий;;нет данных;вне ядра;не размечено;не внедрено;3
Токены Интеграма;https://ideav.ru/tokens.html;продуктовая;дополнительная;токены;;нет данных;вне ядра;не размечено;было изначально;3
Информационная система: что это простыми словами;https://ideav.ru/informatsionnaya-sistema.html;продуктовая;основная;информационная система и технологии;51188;ядро (не проверено);Информационные системы и цифровая трансформация;не размечено;внедрено;1
Информационная система: что это простыми словами;https://ideav.ru/informatsionnaya-sistema.html;продуктовая;дополнительная;информационная система и данные;19385;ядро (не проверено);Информационные системы и цифровая трансформация;не размечено;не внедрено;2
Информационная система: что это простыми словами;https://ideav.ru/informatsionnaya-sistema.html;продуктовая;дополнительная;информационная система и сопровождение;14819;ядро (не проверено);Информационные системы и цифровая трансформация;не размечено;частично;2
Информационная система: что это простыми словами;https://ideav.ru/informatsionnaya-sistema.html;продуктовая;дополнительная;информационная система и управление;13482;ядро (не проверено);Информационные системы и цифровая трансформация;не размечено;не внедрено;2
Информационная система: что это простыми словами;https://ideav.ru/informatsionnaya-sistema.html;продуктовая;дополнительная;информационная система и безопасность;12384;ядро (не проверено);Информационные системы и цифровая трансформация;не размечено;внедрено;2
Информационная система: что это простыми словами;https://ideav.ru/informatsionnaya-sistema.html;продуктовая;дополнительная;информационная система и разработка;8790;ядро (не проверено);Информационные системы и цифровая трансформация;не размечено;не внедрено;2
Информационная система: что это простыми словами;https://ideav.ru/informatsionnaya-sistema.html;продуктовая;дополнительная;информационная система и использование;8676;ядро (не проверено);Информационные системы и цифровая трансформация;не размечено;не внедрено;2
Информационная система: что это простыми словами;https://ideav.ru/informatsionnaya-sistema.html;продуктовая;дополнительная;что такое информационная система;6170;ядро (не проверено);Информационные системы и цифровая трансформация;не размечено;было изначально;2
Информационная система: что это простыми словами;https://ideav.ru/informatsionnaya-sistema.html;продуктовая;дополнительная;информационная система и функции;5572;ядро (не проверено);Информационные системы и цифровая трансформация;не размечено;не внедрено;2
Информационная система: что это простыми словами;https://ideav.ru/informatsionnaya-sistema.html;продуктовая;дополнительная;определение информационной системы;5449;ядро (не проверено);Информационные системы и цифровая трансформация;не размечено;было изначально;2
Информационная система: что это простыми словами;https://ideav.ru/informatsionnaya-sistema.html;продуктовая;дополнительная;информационная система простыми словами;1299;ядро (не проверено);Информационные системы и цифровая трансформация;не размечено;было изначально;2
Информационная система: что это простыми словами;https://ideav.ru/informatsionnaya-sistema.html;продуктовая;дополнительная;вместо excel;518;ядро (не проверено);Преодоление технических лимитов и масштабирование;не размечено;было изначально;2
Информационная система: что это простыми словами;https://ideav.ru/informatsionnaya-sistema.html;продуктовая;дополнительная;систем инфо;127;ядро (не проверено);Преодоление технических лимитов и масштабирование;не размечено;было изначально;3
Информационная система: что это простыми словами;https://ideav.ru/informatsionnaya-sistema.html;продуктовая;дополнительная;что такое информационная система простыми словами;114;ядро (не проверено);Информационные системы и цифровая трансформация;не размечено;было изначально;3
Информационная система: что это простыми словами;https://ideav.ru/informatsionnaya-sistema.html;продуктовая;дополнительная;какие бывают виды информационных систем;18;ядро (не проверено);Информационные системы и цифровая трансформация;не размечено;было изначально;3
Информационная система: что это простыми словами;https://ideav.ru/informatsionnaya-sistema.html;продуктовая;дополнительная;быстрый старт;0;ядро (не проверено);Процессный подход к управлению;не размечено;было изначально;3
Информационная система: что это простыми словами;https://ideav.ru/informatsionnaya-sistema.html;продуктовая;дополнительная;загрузить excel;0;ядро (не проверено);Процессный подход к управлению;не размечено;было изначально;3
Информационная система: что это простыми словами;https://ideav.ru/informatsionnaya-sistema.html;продуктовая;дополнительная;замена excel;0;ядро (не проверено);Процессный подход к управлению;не размечено;было изначально;3
150 000 записей вместо Google Sheets;https://ideav.ru/knowledge-base/01-google-sheets-150k.html;статья КБ;основная;аналог гугл таблиц;580;ядро (расходится с замером);BPM и автоматизация бизнес-процессов;общий;не внедрено;1
150 000 записей вместо Google Sheets;https://ideav.ru/knowledge-base/01-google-sheets-150k.html;статья КБ;дополнительная;гугл таблицы аналог;125;ядро (не проверено);Преодоление технических лимитов и масштабирование;не размечено;не внедрено;3
150 000 записей вместо Google Sheets;https://ideav.ru/knowledge-base/01-google-sheets-150k.html;статья КБ;дополнительная;работа с большими базами данных таблицы;65;ядро (не проверено);Внутренние учетные системы для бизнеса;не размечено;частично;3
150 000 записей вместо Google Sheets;https://ideav.ru/knowledge-base/01-google-sheets-150k.html;статья КБ;дополнительная;замена гугл таблицам;38;ядро (не проверено);BPM и автоматизация бизнес-процессов;не размечено;не внедрено;3
150 000 записей вместо Google Sheets;https://ideav.ru/knowledge-base/01-google-sheets-150k.html;статья КБ;дополнительная;альтернатива гугл таблицам;37;ядро (не проверено);Преодоление технических лимитов и масштабирование;не размечено;не внедрено;3
150 000 записей вместо Google Sheets;https://ideav.ru/knowledge-base/01-google-sheets-150k.html;статья КБ;дополнительная;чем заменить гугл таблицы;33;ядро (не проверено);Преодоление технических лимитов и масштабирование;не размечено;не внедрено;3
150 000 записей вместо Google Sheets;https://ideav.ru/knowledge-base/01-google-sheets-150k.html;статья КБ;дополнительная;чем заменить гугл таблицы в россии;14;ядро (не проверено);Преодоление технических лимитов и масштабирование;не размечено;не внедрено;3
150 000 записей вместо Google Sheets;https://ideav.ru/knowledge-base/01-google-sheets-150k.html;статья КБ;дополнительная;российский аналог гугл таблиц;13;ядро (не проверено);BPM и автоматизация бизнес-процессов;не размечено;не внедрено;3
150 000 записей вместо Google Sheets;https://ideav.ru/knowledge-base/01-google-sheets-150k.html;статья КБ;дополнительная;аналоги google sheets;9;ядро (не проверено);Преодоление технических лимитов и масштабирование;не размечено;не внедрено;3
150 000 записей вместо Google Sheets;https://ideav.ru/knowledge-base/01-google-sheets-150k.html;статья КБ;дополнительная;аналог гугл таблиц для совместной работы;3;ядро (не проверено);BPM и автоматизация бизнес-процессов;не размечено;не внедрено;3
Уйти от лимита строк Excel;https://ideav.ru/knowledge-base/02-excel-row-limit.html;статья КБ;основная;замена экселя;502;ядро (не проверено);Преодоление технических лимитов и масштабирование;покупка;не внедрено;1
Уйти от лимита строк Excel;https://ideav.ru/knowledge-base/02-excel-row-limit.html;статья КБ;дополнительная;эксель аналог;251;ядро (не проверено);Преодоление технических лимитов и масштабирование;не размечено;не внедрено;3
Уйти от лимита строк Excel;https://ideav.ru/knowledge-base/02-excel-row-limit.html;статья КБ;дополнительная;аналог экселя;251;ядро (не проверено);Преодоление технических лимитов и масштабирование;не размечено;не внедрено;3
Уйти от лимита строк Excel;https://ideav.ru/knowledge-base/02-excel-row-limit.html;статья КБ;дополнительная;чем заменить эксель на компьютере;25;ядро (не проверено);Преодоление технических лимитов и масштабирование;не размечено;не внедрено;3
Уйти от лимита строк Excel;https://ideav.ru/knowledge-base/02-excel-row-limit.html;статья КБ;дополнительная;максимальный объем данных в таблице;24;ядро (не проверено);Преодоление технических лимитов и масштабирование;учебное;не внедрено;3
Уйти от лимита строк Excel;https://ideav.ru/knowledge-base/02-excel-row-limit.html;статья КБ;дополнительная;ограничения реляционных баз данных;12;ядро (не проверено);Преодоление технических лимитов и масштабирование;не размечено;не внедрено;3
Уйти от лимита строк Excel;https://ideav.ru/knowledge-base/02-excel-row-limit.html;статья КБ;дополнительная;как обойти ограничения таблиц;11;ядро (не проверено);Преодоление технических лимитов и масштабирование;учебное;не внедрено;3
Уйти от лимита строк Excel;https://ideav.ru/knowledge-base/02-excel-row-limit.html;статья КБ;дополнительная;программы похожие на excel;11;ядро (не проверено);Преодоление технических лимитов и масштабирование;не размечено;не внедрено;3
Уйти от лимита строк Excel;https://ideav.ru/knowledge-base/02-excel-row-limit.html;статья КБ;дополнительная;архитектура больших таблиц;6;ядро (не проверено);Преодоление технических лимитов и масштабирование;не размечено;не внедрено;3
Уйти от лимита строк Excel;https://ideav.ru/knowledge-base/02-excel-row-limit.html;статья КБ;дополнительная;миграция больших таблиц;4;ядро (не проверено);Преодоление технических лимитов и масштабирование;не размечено;не внедрено;3
Одна версия вместо рассылок Excel;https://ideav.ru/knowledge-base/03-excel-file-versions.html;статья КБ;основная;база данных для ведения реестров;196;ядро (не проверено);BPM и автоматизация бизнес-процессов;покупка;не внедрено;1
Одна версия вместо рассылок Excel;https://ideav.ru/knowledge-base/03-excel-file-versions.html;статья КБ;дополнительная;система учета и хранения данных;121;ядро (расходится с замером);Автоматизация рутинных операций и отчетов;не размечено;не внедрено;3
Одна версия вместо рассылок Excel;https://ideav.ru/knowledge-base/03-excel-file-versions.html;статья КБ;дополнительная;автоматизация учета договоров;73;ядро (расходится с замером);BPM и автоматизация бизнес-процессов;не размечено;не внедрено;3
Одна версия вместо рассылок Excel;https://ideav.ru/knowledge-base/03-excel-file-versions.html;статья КБ;дополнительная;автоматизация совместной работы;88;ядро (не проверено);BPM и автоматизация бизнес-процессов;не размечено;не внедрено;3
Одна версия вместо рассылок Excel;https://ideav.ru/knowledge-base/03-excel-file-versions.html;статья КБ;дополнительная;база ведение договоров;87;ядро (не проверено);BPM и автоматизация бизнес-процессов;не размечено;не внедрено;3
Одна версия вместо рассылок Excel;https://ideav.ru/knowledge-base/03-excel-file-versions.html;статья КБ;дополнительная;обеспечение целостности информационной системы и информации;74;ядро (не проверено);Информационные системы и цифровая трансформация;не размечено;не внедрено;3
Одна версия вместо рассылок Excel;https://ideav.ru/knowledge-base/03-excel-file-versions.html;статья КБ;дополнительная;базы данных ведения журналов;51;ядро (не проверено);BPM и автоматизация бизнес-процессов;не размечено;не внедрено;3
Одна версия вместо рассылок Excel;https://ideav.ru/knowledge-base/03-excel-file-versions.html;статья КБ;дополнительная;автоматизация версионности документов;21;ядро (не проверено);BPM и автоматизация бизнес-процессов;не размечено;не внедрено;3
Связанные таблицы без ВПР;https://ideav.ru/knowledge-base/04-related-tables.html;статья КБ;основная;вместо впр excel;120;замер 18.08;Преодоление технических лимитов и масштабирование;учебное;не внедрено;1
Связанные таблицы без ВПР;https://ideav.ru/knowledge-base/04-related-tables.html;статья КБ;дополнительная;впр поискпоз excel;205;замер 18.08;Преодоление технических лимитов и масштабирование;не размечено;не внедрено;3
Связанные таблицы без ВПР;https://ideav.ru/knowledge-base/04-related-tables.html;статья КБ;дополнительная;excel впр индексы;187;замер 18.08;Преодоление технических лимитов и масштабирование;не размечено;не внедрено;3
Связанные таблицы без ВПР;https://ideav.ru/knowledge-base/04-related-tables.html;статья КБ;дополнительная;впр индекс поискпоз excel;157;замер 18.08;Преодоление технических лимитов и масштабирование;не размечено;не внедрено;3
Связанные таблицы без ВПР;https://ideav.ru/knowledge-base/04-related-tables.html;статья КБ;дополнительная;почему не работает впр в excel;148;замер 18.08;Преодоление технических лимитов и масштабирование;не размечено;не внедрено;3
Связанные таблицы без ВПР;https://ideav.ru/knowledge-base/04-related-tables.html;статья КБ;дополнительная;аналог впр в excel;80;замер 18.08;Преодоление технических лимитов и масштабирование;не размечено;не внедрено;3
Связанные таблицы без ВПР;https://ideav.ru/knowledge-base/04-related-tables.html;статья КБ;дополнительная;excel поискпоз вместо впр;73;замер 18.08;Преодоление технических лимитов и масштабирование;не размечено;не внедрено;3
Связанные таблицы без ВПР;https://ideav.ru/knowledge-base/04-related-tables.html;статья КБ;дополнительная;индекс поискпоз excel вместо впр;72;замер 18.08;Преодоление технических лимитов и масштабирование;не размечено;не внедрено;3
Связанные таблицы без ВПР;https://ideav.ru/knowledge-base/04-related-tables.html;статья КБ;дополнительная;замена впр в excel;47;замер 18.08;Преодоление технических лимитов и масштабирование;не размечено;не внедрено;3
Связанные таблицы без ВПР;https://ideav.ru/knowledge-base/04-related-tables.html;статья КБ;дополнительная;аналог функции впр в excel;31;замер 18.08;Преодоление технических лимитов и масштабирование;не размечено;не внедрено;3
Связанные таблицы без ВПР;https://ideav.ru/knowledge-base/04-related-tables.html;статья КБ;дополнительная;замена функции впр в excel;29;замер 18.08;Преодоление технических лимитов и масштабирование;не размечено;не внедрено;3
Связанные таблицы без ВПР;https://ideav.ru/knowledge-base/04-related-tables.html;статья КБ;дополнительная;альтернатива впр в excel;28;замер 18.08;BPM и автоматизация бизнес-процессов;не размечено;не внедрено;3
Связанные таблицы без ВПР;https://ideav.ru/knowledge-base/04-related-tables.html;статья КБ;дополнительная;аналог впр в эксель;8;ядро (не проверено);BPM и автоматизация бизнес-процессов;не размечено;не внедрено;3
Связанные таблицы без ВПР;https://ideav.ru/knowledge-base/04-related-tables.html;статья КБ;дополнительная;гугл таблицы аналог впр;3;ядро (не проверено);BPM и автоматизация бизнес-процессов;не размечено;не внедрено;3
Связанные таблицы без ВПР;https://ideav.ru/knowledge-base/04-related-tables.html;статья КБ;дополнительная;чем заменить впр в экселе;2;ядро (не проверено);BPM и автоматизация бизнес-процессов;не размечено;не внедрено;3
Связанные таблицы без ВПР;https://ideav.ru/knowledge-base/04-related-tables.html;статья КБ;дополнительная;отличие электронной таблицы от таблицы реляционной базы данных;1;ядро (не проверено);Преодоление технических лимитов и масштабирование;не размечено;не внедрено;3
Права доступа из коробки;https://ideav.ru/knowledge-base/05-access-rights.html;статья КБ;основная;доступ к информационным системам это;1157;ядро (не проверено);Информационные системы и цифровая трансформация;учебное;не внедрено;1
Права доступа из коробки;https://ideav.ru/knowledge-base/05-access-rights.html;статья КБ;дополнительная;учет информационных систем персональных данных;365;ядро (расходится с замером);Автоматизация рутинных операций и отчетов;не размечено;не внедрено;2
Права доступа из коробки;https://ideav.ru/knowledge-base/05-access-rights.html;статья КБ;дополнительная;идентификации и аутентификации пользователя информационной системы;198;ядро (не проверено);Информационные системы и цифровая трансформация;не размечено;не внедрено;3
Права доступа из коробки;https://ideav.ru/knowledge-base/05-access-rights.html;статья КБ;дополнительная;пользователи и администраторы информационных систем;173;ядро (не проверено);Информационные системы и цифровая трансформация;не размечено;не внедрено;3
Права доступа из коробки;https://ideav.ru/knowledge-base/05-access-rights.html;статья КБ;дополнительная;система управления доступом автоматизация;127;ядро (не проверено);BPM и автоматизация бизнес-процессов;покупка;не внедрено;3
Права доступа из коробки;https://ideav.ru/knowledge-base/05-access-rights.html;статья КБ;дополнительная;автоматизация управления доступом;127;ядро (не проверено);BPM и автоматизация бизнес-процессов;не размечено;не внедрено;3
Права доступа из коробки;https://ideav.ru/knowledge-base/05-access-rights.html;статья КБ;дополнительная;автоматизация контроля доступа;85;ядро (не проверено);BPM и автоматизация бизнес-процессов;не размечено;не внедрено;3
Права доступа из коробки;https://ideav.ru/knowledge-base/05-access-rights.html;статья КБ;дополнительная;задачи системы контроля управления доступом;35;ядро (не проверено);Информационные системы и цифровая трансформация;не размечено;не внедрено;3
Права доступа из коробки;https://ideav.ru/knowledge-base/05-access-rights.html;статья КБ;дополнительная;автоматизация разграничения доступа;13;ядро (не проверено);BPM и автоматизация бизнес-процессов;не размечено;частично;3
Собственный контур вместо SaaS;https://ideav.ru/knowledge-base/06-airtable-control.html;статья КБ;основная;airtable аналоги;69;замер 18.08;BPM и автоматизация бизнес-процессов;покупка;не внедрено;1
Собственный контур вместо SaaS;https://ideav.ru/knowledge-base/06-airtable-control.html;статья КБ;дополнительная;информационная система и облачные технологии;80;ядро (не проверено);Информационные системы и цифровая трансформация;не размечено;не внедрено;3
Собственный контур вместо SaaS;https://ideav.ru/knowledge-base/06-airtable-control.html;статья КБ;дополнительная;хранение больших объемов данных облачно;38;ядро (не проверено);Внутренние учетные системы для бизнеса;не размечено;не внедрено;3
Собственный контур вместо SaaS;https://ideav.ru/knowledge-base/06-airtable-control.html;статья КБ;дополнительная;airtable на русском;16;замер 18.08;брендовый перехват;не размечено;не внедрено;3
Собственный контур вместо SaaS;https://ideav.ru/knowledge-base/06-airtable-control.html;статья КБ;дополнительная;airtable в россии;13;замер 18.08;брендовый перехват;не размечено;не внедрено;3
Собственный контур вместо SaaS;https://ideav.ru/knowledge-base/06-airtable-control.html;статья КБ;дополнительная;цена увеличения объема таблицы;11;ядро (не проверено);Преодоление технических лимитов и масштабирование;не размечено;не внедрено;3
Реляционная база вместо Notion;https://ideav.ru/knowledge-base/07-notion-relational-data.html;статья КБ;основная;данные и знания в информационной системе;270;ядро (не проверено);Информационные системы и цифровая трансформация;учебное;не внедрено;1
Реляционная база вместо Notion;https://ideav.ru/knowledge-base/07-notion-relational-data.html;статья КБ;дополнительная;базы знаний и информационные системы;240;ядро (не проверено);Информационные системы и цифровая трансформация;не размечено;не внедрено;3
Реляционная база вместо Notion;https://ideav.ru/knowledge-base/07-notion-relational-data.html;статья КБ;дополнительная;информационная система и знания;1338;ядро (не проверено);Информационные системы и цифровая трансформация;не размечено;не внедрено;2
Реляционная база вместо Notion;https://ideav.ru/knowledge-base/07-notion-relational-data.html;статья КБ;дополнительная;знание информационных систем это;450;ядро (не проверено);Информационные системы и цифровая трансформация;не размечено;не внедрено;2
Реляционная база вместо Notion;https://ideav.ru/knowledge-base/07-notion-relational-data.html;статья КБ;дополнительная;базы знаний системы управления базами знаний;305;ядро (не проверено);BPM и автоматизация бизнес-процессов;не размечено;не внедрено;2
Реляционная база вместо Notion;https://ideav.ru/knowledge-base/07-notion-relational-data.html;статья КБ;дополнительная;система учета клиентов;688;ядро (не проверено);BPM и автоматизация бизнес-процессов;не размечено;не внедрено;2
Реляционная база вместо Notion;https://ideav.ru/knowledge-base/07-notion-relational-data.html;статья КБ;дополнительная;система учета сделок;151;ядро (не проверено);BPM и автоматизация бизнес-процессов;не размечено;не внедрено;3
HTML-шаблоны вместо конструктора;https://ideav.ru/knowledge-base/08-html-templates.html;статья КБ;основная;информационная система и интерфейс;697;ядро (не проверено);Информационные системы и цифровая трансформация;учебное;не внедрено;1
HTML-шаблоны вместо конструктора;https://ideav.ru/knowledge-base/08-html-templates.html;статья КБ;дополнительная;дизайн графических и пользовательских интерфейсов информационных систем;131;ядро (не проверено);Информационные системы и цифровая трансформация;не размечено;не внедрено;3
HTML-шаблоны вместо конструктора;https://ideav.ru/knowledge-base/08-html-templates.html;статья КБ;дополнительная;интерфейс ис это;53;ядро (не проверено);Информационные системы и цифровая трансформация;не размечено;не внедрено;3
HTML-шаблоны вместо конструктора;https://ideav.ru/knowledge-base/08-html-templates.html;статья КБ;дополнительная;протоколы и интерфейсы информационных систем;47;ядро (не проверено);Информационные системы и цифровая трансформация;не размечено;не внедрено;3
HTML-шаблоны вместо конструктора;https://ideav.ru/knowledge-base/08-html-templates.html;статья КБ;дополнительная;автоматическое заполнение шаблонов документов;38;ядро (не проверено);Автоматизация рутинных операций и отчетов;не размечено;не внедрено;3
HTML-шаблоны вместо конструктора;https://ideav.ru/knowledge-base/08-html-templates.html;статья КБ;дополнительная;автоматическое заполнение документов по шаблону;17;ядро (не проверено);Автоматизация рутинных операций и отчетов;не размечено;не внедрено;3
Вайб-кодинг шаблонов для main.html;https://ideav.ru/knowledge-base/08a-vibe-coding-templates.html;статья КБ;основная;вайб кодинг;14907;замер 18.08;Вайб-кодинг и ИИ-генерация интерфейса;общий;не внедрено;1
Вайб-кодинг шаблонов для main.html;https://ideav.ru/knowledge-base/08a-vibe-coding-templates.html;статья КБ;дополнительная;vibe coding;2342;замер 18.08;Вайб-кодинг и ИИ-генерация интерфейса;не размечено;не внедрено;2
Вайб-кодинг шаблонов для main.html;https://ideav.ru/knowledge-base/08a-vibe-coding-templates.html;статья КБ;дополнительная;что такое вайб кодинг простыми словами;394;замер 18.08;Вайб-кодинг и ИИ-генерация интерфейса;учебное;не внедрено;2
Вайб-кодинг шаблонов для main.html;https://ideav.ru/knowledge-base/08a-vibe-coding-templates.html;статья КБ;дополнительная;вайб кодинг ии;332;замер 18.08;Вайб-кодинг и ИИ-генерация интерфейса;выбор;частично;2
Вайб-кодинг шаблонов для main.html;https://ideav.ru/knowledge-base/08a-vibe-coding-templates.html;статья КБ;дополнительная;вайб кодинг агенты;99;замер 18.08;Вайб-кодинг и ИИ-генерация интерфейса;не размечено;не внедрено;3
Вайб-кодинг шаблонов для main.html;https://ideav.ru/knowledge-base/08a-vibe-coding-templates.html;статья КБ;дополнительная;вайб кодинг примеры;59;замер 18.08;Вайб-кодинг и ИИ-генерация интерфейса;не размечено;не внедрено;3
Вайб-кодинг шаблонов для main.html;https://ideav.ru/knowledge-base/08a-vibe-coding-templates.html;статья КБ;дополнительная;150 промптов для продвинутого вайб кодинга;23;замер 18.08;Вайб-кодинг и ИИ-генерация интерфейса;не размечено;частично;3
Вайб-кодинг шаблонов для main.html;https://ideav.ru/knowledge-base/08a-vibe-coding-templates.html;статья КБ;дополнительная;промпты для вайб кодинга;10;замер 18.08;Вайб-кодинг и ИИ-генерация интерфейса;не размечено;частично;3
Вайб-кодинг шаблонов для main.html;https://ideav.ru/knowledge-base/08a-vibe-coding-templates.html;статья КБ;дополнительная;вайб кодинг локально;34;замер 18.08;Вайб-кодинг и ИИ-генерация интерфейса;не размечено;не внедрено;3
Вайб-кодинг шаблонов для main.html;https://ideav.ru/knowledge-base/08a-vibe-coding-templates.html;статья КБ;дополнительная;небезопасный вайб кодинг;22;замер 18.08;Вайб-кодинг и ИИ-генерация интерфейса;не размечено;частично;3
Вайб-кодинг шаблонов для main.html;https://ideav.ru/knowledge-base/08a-vibe-coding-templates.html;статья КБ;дополнительная;вайб кодинг для разработчиков;20;замер 18.08;Вайб-кодинг и ИИ-генерация интерфейса;не размечено;не внедрено;3
Вайб-кодинг шаблонов для main.html;https://ideav.ru/knowledge-base/08a-vibe-coding-templates.html;статья КБ;дополнительная;vibe coding template;16;замер 18.08;Вайб-кодинг и ИИ-генерация интерфейса;не размечено;не внедрено;3
Вайб-кодинг шаблонов для main.html;https://ideav.ru/knowledge-base/08a-vibe-coding-templates.html;статья КБ;дополнительная;что можно сделать с помощью вайб кодинга;7;замер 18.08;Вайб-кодинг и ИИ-генерация интерфейса;не размечено;не внедрено;3
Вайб-кодинг шаблонов для main.html;https://ideav.ru/knowledge-base/08a-vibe-coding-templates.html;статья КБ;дополнительная;цифровое рабочее место сотрудника;44;ядро (не проверено);;не размечено;не внедрено;3
Вайб-кодинг шаблонов для main.html;https://ideav.ru/knowledge-base/08a-vibe-coding-templates.html;статья КБ;дополнительная;автоматизация цифровых рабочих мест;52;ядро (не проверено);;не размечено;не внедрено;3
Вайб-кодинг шаблонов для main.html;https://ideav.ru/knowledge-base/08a-vibe-coding-templates.html;статья КБ;дополнительная;интерфейс crm систем;95;ядро (не проверено);BPM;не размечено;не внедрено;3
Прототип быстрее заказной разработки;https://ideav.ru/knowledge-base/09-custom-development-prototype.html;статья КБ;основная;разработка информационных систем и приложений;499;ядро (расходится с замером);Информационные системы и цифровая трансформация;учебное;не внедрено;1
Прототип быстрее заказной разработки;https://ideav.ru/knowledge-base/09-custom-development-prototype.html;статья КБ;дополнительная;разработка и внедрение информационной системы;921;ядро (не проверено);Информационные системы и цифровая трансформация;не размечено;не внедрено;2
Прототип быстрее заказной разработки;https://ideav.ru/knowledge-base/09-custom-development-prototype.html;статья КБ;дополнительная;разработка и создание информационной системы;518;ядро (не проверено);Информационные системы и цифровая трансформация;не размечено;не внедрено;2
Прототип быстрее заказной разработки;https://ideav.ru/knowledge-base/09-custom-development-prototype.html;статья КБ;дополнительная;проектирование информационной системы ис;170;ядро (не проверено);Информационные системы и цифровая трансформация;не размечено;не внедрено;3
Прототип быстрее заказной разработки;https://ideav.ru/knowledge-base/09-custom-development-prototype.html;статья КБ;дополнительная;проектирование информационной системы включает;123;ядро (не проверено);Информационные системы и цифровая трансформация;не размечено;не внедрено;3
Прототип быстрее заказной разработки;https://ideav.ru/knowledge-base/09-custom-development-prototype.html;статья КБ;дополнительная;исследование и разработка информационной системы;123;ядро (не проверено);Информационные системы и цифровая трансформация;не размечено;не внедрено;3
Прототип быстрее заказной разработки;https://ideav.ru/knowledge-base/09-custom-development-prototype.html;статья КБ;дополнительная;проектирование и разработка информационных систем;1407;ядро (расходится с замером);Информационные системы и цифровая трансформация;не размечено;не внедрено;2
Прототип быстрее заказной разработки;https://ideav.ru/knowledge-base/09-custom-development-prototype.html;статья КБ;дополнительная;разработка информационных систем и технологий;1707;ядро (не проверено);Информационные системы и цифровая трансформация;не размечено;не внедрено;2
Прототип быстрее заказной разработки;https://ideav.ru/knowledge-base/09-custom-development-prototype.html;статья КБ;дополнительная;разработка информационных систем это;869;ядро (не проверено);Информационные системы и цифровая трансформация;не размечено;не внедрено;2
Прототип быстрее заказной разработки;https://ideav.ru/knowledge-base/09-custom-development-prototype.html;статья КБ;дополнительная;разработка требований к информационной системы;285;ядро (не проверено);Информационные системы и цифровая трансформация;не размечено;не внедрено;3
Прототип быстрее заказной разработки;https://ideav.ru/knowledge-base/09-custom-development-prototype.html;статья КБ;дополнительная;разработка информационных систем что это;309;ядро (не проверено);Информационные системы и цифровая трансформация;не размечено;не внедрено;2
Прототип быстрее заказной разработки;https://ideav.ru/knowledge-base/09-custom-development-prototype.html;статья КБ;дополнительная;разработка информационных систем и баз данных;446;ядро (не проверено);Информационные системы и цифровая трансформация;не размечено;не внедрено;2
Прототип быстрее заказной разработки;https://ideav.ru/knowledge-base/09-custom-development-prototype.html;статья КБ;дополнительная;техническое задание на разработку системы;490;замер 18.08;;не размечено;не внедрено;2
Прототип быстрее заказной разработки;https://ideav.ru/knowledge-base/09-custom-development-prototype.html;статья КБ;дополнительная;разработка приложений на заказ;123;замер 18.08;;не размечено;не внедрено;3
Прототип быстрее заказной разработки;https://ideav.ru/knowledge-base/09-custom-development-prototype.html;статья КБ;дополнительная;этапы проектирования информационных систем;180;замер 18.08;;не размечено;не внедрено;3
Изменения без релиза;https://ideav.ru/knowledge-base/10-no-release-changes.html;статья КБ;основная;информационная система и модернизация;525;ядро (не проверено);Информационные системы и цифровая трансформация;учебное;не внедрено;1
Изменения без релиза;https://ideav.ru/knowledge-base/10-no-release-changes.html;статья КБ;дополнительная;информационная система и настройка;539;ядро (не проверено);Информационные системы и цифровая трансформация;не размечено;не внедрено;2
Изменения без релиза;https://ideav.ru/knowledge-base/10-no-release-changes.html;статья КБ;дополнительная;информационная система и техническая поддержка;465;ядро (не проверено);Информационные системы и цифровая трансформация;не размечено;не внедрено;2
Изменения без релиза;https://ideav.ru/knowledge-base/10-no-release-changes.html;статья КБ;дополнительная;информационная система и обновления;343;ядро (не проверено);Информационные системы и цифровая трансформация;не размечено;не внедрено;2
Изменения без релиза;https://ideav.ru/knowledge-base/10-no-release-changes.html;статья КБ;дополнительная;развитие и модернизация информационной системы;143;ядро (расходится с замером);Информационные системы и цифровая трансформация;не размечено;не внедрено;3
Изменения без релиза;https://ideav.ru/knowledge-base/10-no-release-changes.html;статья КБ;дополнительная;гибкость бизнес процессов;218;ядро (не проверено);BPM и автоматизация бизнес-процессов;не размечено;не внедрено;3
Изменения без релиза;https://ideav.ru/knowledge-base/10-no-release-changes.html;статья КБ;дополнительная;модернизация бизнес процессов;97;ядро (не проверено);BPM и автоматизация бизнес-процессов;не размечено;не внедрено;3
Изменения без релиза;https://ideav.ru/knowledge-base/10-no-release-changes.html;статья КБ;дополнительная;информационная система и гибкость;72;ядро (не проверено);Информационные системы и цифровая трансформация;не размечено;не внедрено;3
Изменения без релиза;https://ideav.ru/knowledge-base/10-no-release-changes.html;статья КБ;дополнительная;информационная система и поддержка;2640;ядро (не проверено);Информационные системы и цифровая трансформация;не размечено;частично;2
AI делает интерфейс, не данные;https://ideav.ru/knowledge-base/11-ai-interface-data-safety.html;статья КБ;основная;целостность информации и информационных систем;221;ядро (не проверено);Информационные системы и цифровая трансформация;учебное;не внедрено;1
AI делает интерфейс, не данные;https://ideav.ru/knowledge-base/11-ai-interface-data-safety.html;статья КБ;дополнительная;информационная система и риски;916;ядро (не проверено);Информационные системы и цифровая трансформация;не размечено;не внедрено;2
AI делает интерфейс, не данные;https://ideav.ru/knowledge-base/11-ai-interface-data-safety.html;статья КБ;дополнительная;информационная система и качество данных;233;ядро (не проверено);Информационные системы и цифровая трансформация;не размечено;не внедрено;3
AI делает интерфейс, не данные;https://ideav.ru/knowledge-base/11-ai-interface-data-safety.html;статья КБ;дополнительная;обеспечение целостности информационной системы и информации;74;ядро (не проверено);Информационные системы и цифровая трансформация;не размечено;не внедрено;3
AI делает интерфейс, не данные;https://ideav.ru/knowledge-base/11-ai-interface-data-safety.html;статья КБ;дополнительная;информационная система и ошибки внедрения;66;ядро (не проверено);Информационные системы и цифровая трансформация;не размечено;частично;3
AI делает интерфейс, не данные;https://ideav.ru/knowledge-base/11-ai-interface-data-safety.html;статья КБ;дополнительная;искусственный интеллект и автоматизация бизнес процессов;76;ядро (расходится с замером);BPM и автоматизация бизнес-процессов;не размечено;не внедрено;3
AI делает интерфейс, не данные;https://ideav.ru/knowledge-base/11-ai-interface-data-safety.html;статья КБ;дополнительная;информационная система и чат-боты;31;ядро (не проверено);Информационные системы и цифровая трансформация;не размечено;не внедрено;3
AI делает интерфейс, не данные;https://ideav.ru/knowledge-base/11-ai-interface-data-safety.html;статья КБ;дополнительная;управление данными качестве;1129;ядро (расходится с замером);Корпоративная аналитика и Big Data;не размечено;не внедрено;2
AI делает интерфейс, не данные;https://ideav.ru/knowledge-base/11-ai-interface-data-safety.html;статья КБ;дополнительная;целостность данных это;609;замер 18.08;Информационные системы и цифровая трансформация;не размечено;не внедрено;2
AI делает интерфейс, не данные;https://ideav.ru/knowledge-base/11-ai-interface-data-safety.html;статья КБ;дополнительная;обеспечение целостности данных;489;замер 18.08;Информационные системы и цифровая трансформация;не размечено;не внедрено;2
AI делает интерфейс, не данные;https://ideav.ru/knowledge-base/11-ai-interface-data-safety.html;статья КБ;дополнительная;целостность данных и информации;288;замер 18.08;Информационные системы и цифровая трансформация;не размечено;не внедрено;3
AI делает интерфейс, не данные;https://ideav.ru/knowledge-base/11-ai-interface-data-safety.html;статья КБ;дополнительная;целостность информационных данных;186;замер 18.08;Информационные системы и цифровая трансформация;не размечено;не внедрено;3
Без переписывания после демо;https://ideav.ru/knowledge-base/12-ai-prototype-rewrite.html;статья КБ;основная;разработка прототипа;839;замер 18.08;Информационные системы и цифровая трансформация;учебное;не внедрено;1
Без переписывания после демо;https://ideav.ru/knowledge-base/12-ai-prototype-rewrite.html;статья КБ;дополнительная;этапы разработки прототипов;171;замер 18.08;Информационные системы и цифровая трансформация;не размечено;не внедрено;3
Без переписывания после демо;https://ideav.ru/knowledge-base/12-ai-prototype-rewrite.html;статья КБ;дополнительная;разработка прототипа продукта;107;замер 18.08;Информационные системы и цифровая трансформация;не размечено;не внедрено;3
Без переписывания после демо;https://ideav.ru/knowledge-base/12-ai-prototype-rewrite.html;статья КБ;дополнительная;разработка прототипа системы;75;замер 18.08;Информационные системы и цифровая трансформация;не размечено;не внедрено;3
Без переписывания после демо;https://ideav.ru/knowledge-base/12-ai-prototype-rewrite.html;статья КБ;дополнительная;система учета оборудования;968;замер 18.08;Внутренние учетные системы для бизнеса;выбор;не внедрено;2
Без переписывания после демо;https://ideav.ru/knowledge-base/12-ai-prototype-rewrite.html;статья КБ;дополнительная;разработка прототипа приложения;34;замер 18.08;Информационные системы и цифровая трансформация;не размечено;не внедрено;3
Без переписывания после демо;https://ideav.ru/knowledge-base/12-ai-prototype-rewrite.html;статья КБ;дополнительная;прототип информационной системы;29;замер 18.08;Информационные системы и цифровая трансформация;не размечено;не внедрено;3
API вместо ручных выгрузок;https://ideav.ru/knowledge-base/13-api-json-export.html;статья КБ;основная;информационная система и интеграция;1477;ядро (не проверено);Информационные системы и цифровая трансформация;учебное;не внедрено;1
API вместо ручных выгрузок;https://ideav.ru/knowledge-base/13-api-json-export.html;статья КБ;дополнительная;информационная система и api;79;ядро (не проверено);Информационные системы и цифровая трансформация;не размечено;частично;3
API вместо ручных выгрузок;https://ideav.ru/knowledge-base/13-api-json-export.html;статья КБ;дополнительная;интеграция crm систем;504;ядро (не проверено);BPM и автоматизация бизнес-процессов;не размечено;не внедрено;2
API вместо ручных выгрузок;https://ideav.ru/knowledge-base/13-api-json-export.html;статья КБ;дополнительная;автоматизация выгрузки данных;29;ядро (не проверено);BPM и автоматизация бизнес-процессов;не размечено;не внедрено;3
API вместо ручных выгрузок;https://ideav.ru/knowledge-base/13-api-json-export.html;статья КБ;дополнительная;api для автоматизации процессов;29;ядро (не проверено);BPM и автоматизация бизнес-процессов;не размечено;не внедрено;3
API вместо ручных выгрузок;https://ideav.ru/knowledge-base/13-api-json-export.html;статья КБ;дополнительная;импорт и экспорт данных информационной системы;22;ядро (не проверено);Информационные системы и цифровая трансформация;не размечено;не внедрено;3
API вместо ручных выгрузок;https://ideav.ru/knowledge-base/13-api-json-export.html;статья КБ;дополнительная;интеграция информационных систем;1753;замер 18.08;Информационные системы и цифровая трансформация;не размечено;не внедрено;2
API вместо ручных выгрузок;https://ideav.ru/knowledge-base/13-api-json-export.html;статья КБ;дополнительная;интеграция данных в информационных системах;159;замер 18.08;Информационные системы и цифровая трансформация;не размечено;не внедрено;3
API вместо ручных выгрузок;https://ideav.ru/knowledge-base/13-api-json-export.html;статья КБ;дополнительная;технологии интеграции информационных систем;270;замер 18.08;Информационные системы и цифровая трансформация;не размечено;не внедрено;3
API вместо ручных выгрузок;https://ideav.ru/knowledge-base/13-api-json-export.html;статья КБ;дополнительная;архитектура интеграции информационных систем;140;замер 18.08;Информационные системы и цифровая трансформация;не размечено;не внедрено;3
API вместо ручных выгрузок;https://ideav.ru/knowledge-base/13-api-json-export.html;статья КБ;дополнительная;api интеграция с 1с;286;замер 18.08;Информационные системы и цифровая трансформация;не размечено;не внедрено;3
API вместо ручных выгрузок;https://ideav.ru/knowledge-base/13-api-json-export.html;статья КБ;дополнительная;интеграция 1с по api;107;замер 18.08;Информационные системы и цифровая трансформация;не размечено;не внедрено;3
API вместо ручных выгрузок;https://ideav.ru/knowledge-base/13-api-json-export.html;статья КБ;дополнительная;интеграции 1с с внешними системами;73;замер 18.08;Информационные системы и цифровая трансформация;не размечено;не внедрено;3
API вместо ручных выгрузок;https://ideav.ru/knowledge-base/13-api-json-export.html;статья КБ;дополнительная;интеграция 1с с другими системами;62;замер 18.08;Информационные системы и цифровая трансформация;не размечено;не внедрено;3
API вместо ручных выгрузок;https://ideav.ru/knowledge-base/13-api-json-export.html;статья КБ;дополнительная;интеграция с 1с через api;46;замер 18.08;Информационные системы и цифровая трансформация;не размечено;не внедрено;3
API вместо ручных выгрузок;https://ideav.ru/knowledge-base/13-api-json-export.html;статья КБ;дополнительная;обмен данных между системами;456;замер 18.08;Информационные системы и цифровая трансформация;не размечено;не внедрено;2
API вместо ручных выгрузок;https://ideav.ru/knowledge-base/13-api-json-export.html;статья КБ;дополнительная;обмена данными между информационными системами;86;замер 18.08;Информационные системы и цифровая трансформация;не размечено;не внедрено;3
Формы рядом с данными;https://ideav.ru/knowledge-base/14-forms.html;статья КБ;основная;система учета и управления заявками;17;ядро (расходится с замером);BPM и автоматизация бизнес-процессов;покупка;не внедрено;1
Формы рядом с данными;https://ideav.ru/knowledge-base/14-forms.html;статья КБ;дополнительная;система управления заявками;378;ядро (расходится с замером);BPM и автоматизация бизнес-процессов;покупка;не внедрено;2
Формы рядом с данными;https://ideav.ru/knowledge-base/14-forms.html;статья КБ;дополнительная;система заявок;11164;замер 18.08;вне ядра по частоте, кластер BPM;не размечено;не внедрено;2
Формы рядом с данными;https://ideav.ru/knowledge-base/14-forms.html;статья КБ;дополнительная;журнал заявок;3726;замер 18.08;вне ядра, кластер BPM;не размечено;не внедрено;2
Формы рядом с данными;https://ideav.ru/knowledge-base/14-forms.html;статья КБ;дополнительная;информационная система управления заявками;81;ядро (расходится с замером);BPM и автоматизация бизнес-процессов;не размечено;не внедрено;3
Формы рядом с данными;https://ideav.ru/knowledge-base/14-forms.html;статья КБ;дополнительная;учет заявок клиент;181;ядро (не проверено);BPM и автоматизация бизнес-процессов;не размечено;не внедрено;3
Формы рядом с данными;https://ideav.ru/knowledge-base/14-forms.html;статья КБ;дополнительная;управление заявками клиентов;102;ядро (расходится с замером);BPM и автоматизация бизнес-процессов;не размечено;не внедрено;3
Формы рядом с данными;https://ideav.ru/knowledge-base/14-forms.html;статья КБ;дополнительная;автоматизация заявок на обслуживание;16;ядро (не проверено);BPM и автоматизация бизнес-процессов;не размечено;не внедрено;3
Формы рядом с данными;https://ideav.ru/knowledge-base/14-forms.html;статья КБ;дополнительная;автоматизация лидогенерации;14;ядро (не проверено);BPM и автоматизация бизнес-процессов;не размечено;не внедрено;3
Формы рядом с данными;https://ideav.ru/knowledge-base/14-forms.html;статья КБ;дополнительная;база данных для ведения учета;96;ядро (не проверено);BPM и автоматизация бизнес-процессов;не размечено;не внедрено;3
Отчёты на той же базе;https://ideav.ru/knowledge-base/14a-reports.html;статья КБ;основная;система автоматизации отчетности;699;ядро (расходится с замером);BPM и автоматизация бизнес-процессов;покупка;не внедрено;1
Отчёты на той же базе;https://ideav.ru/knowledge-base/14a-reports.html;статья КБ;дополнительная;информационная система и отчетность;815;ядро (не проверено);Информационные системы и цифровая трансформация;не размечено;не внедрено;2
Отчёты на той же базе;https://ideav.ru/knowledge-base/14a-reports.html;статья КБ;дополнительная;внедрение процессов автоматизации отчетности;516;ядро (расходится с замером);BPM и автоматизация бизнес-процессов;не размечено;не внедрено;2
Отчёты на той же базе;https://ideav.ru/knowledge-base/14a-reports.html;статья КБ;дополнительная;автоматическое формирование отчетов;240;ядро (не проверено);BPM и автоматизация бизнес-процессов;не размечено;не внедрено;3
Отчёты на той же базе;https://ideav.ru/knowledge-base/14a-reports.html;статья КБ;дополнительная;сводная аналитика;208;ядро (не проверено);Автоматизация рутинных операций и отчетов;не размечено;не внедрено;3
Отчёты на той же базе;https://ideav.ru/knowledge-base/14a-reports.html;статья КБ;дополнительная;сводная таблица аналитики;104;ядро (не проверено);Автоматизация рутинных операций и отчетов;не размечено;частично;3
Отчёты на той же базе;https://ideav.ru/knowledge-base/14a-reports.html;статья КБ;дополнительная;аналитика сводные таблицы;104;ядро (не проверено);Автоматизация рутинных операций и отчетов;не размечено;частично;3
Отчёты на той же базе;https://ideav.ru/knowledge-base/14a-reports.html;статья КБ;дополнительная;автоматическая генерация отчетов;65;ядро (не проверено);Автоматизация рутинных операций и отчетов;не размечено;не внедрено;3
Отчёты на той же базе;https://ideav.ru/knowledge-base/14a-reports.html;статья КБ;дополнительная;автоматизация отчетности;724;замер 18.08;BPM и автоматизация бизнес-процессов;покупка;не внедрено;2
Отчёты на той же базе;https://ideav.ru/knowledge-base/14a-reports.html;статья КБ;дополнительная;автоматизация системы отчетности;136;замер 18.08;BPM и автоматизация бизнес-процессов;не размечено;не внедрено;3
Отчёты на той же базе;https://ideav.ru/knowledge-base/14a-reports.html;статья КБ;дополнительная;отчет в excel;1967;замер 18.08;Автоматизация рутинных операций и отчетов;не размечено;не внедрено;2
Отчёты на той же базе;https://ideav.ru/knowledge-base/14a-reports.html;статья КБ;дополнительная;сводный отчет в excel;124;замер 18.08;Автоматизация рутинных операций и отчетов;не размечено;не внедрено;3
Отчёты на той же базе;https://ideav.ru/knowledge-base/14a-reports.html;статья КБ;дополнительная;выгрузка отчета в excel;93;замер 18.08;Автоматизация рутинных операций и отчетов;не размечено;не внедрено;3
Отчёты на той же базе;https://ideav.ru/knowledge-base/14a-reports.html;статья КБ;дополнительная;автоматизация учета и отчетности;81;замер 18.08;BPM и автоматизация бизнес-процессов;не размечено;не внедрено;3
Отчёты на той же базе;https://ideav.ru/knowledge-base/14a-reports.html;статья КБ;дополнительная;автоматизация управленческой отчетности;68;замер 18.08;BPM и автоматизация бизнес-процессов;не размечено;не внедрено;3
Отчёты на той же базе;https://ideav.ru/knowledge-base/14a-reports.html;статья КБ;дополнительная;отчет сводной таблицы в excel;56;замер 18.08;Автоматизация рутинных операций и отчетов;не размечено;не внедрено;3
Отчёты на той же базе;https://ideav.ru/knowledge-base/14a-reports.html;статья КБ;дополнительная;автоматизация подготовки отчетности;56;замер 18.08;BPM и автоматизация бизнес-процессов;не размечено;не внедрено;3
Отчёты на той же базе;https://ideav.ru/knowledge-base/14a-reports.html;статья КБ;дополнительная;автоматизация формирования отчетности;54;замер 18.08;BPM и автоматизация бизнес-процессов;не размечено;не внедрено;3
Отчёты на той же базе;https://ideav.ru/knowledge-base/14a-reports.html;статья КБ;дополнительная;сводная управленческая отчетность;22;замер 18.08;Автоматизация рутинных операций и отчетов;не размечено;не внедрено;3
Отчёты на той же базе;https://ideav.ru/knowledge-base/14a-reports.html;статья КБ;дополнительная;сервисы автоматизации отчетности;16;замер 18.08;BPM и автоматизация бизнес-процессов;не размечено;не внедрено;3
Отчёты на той же базе;https://ideav.ru/knowledge-base/14a-reports.html;статья КБ;дополнительная;инструменты автоматизации отчетности;11;замер 18.08;BPM и автоматизация бизнес-процессов;не размечено;не внедрено;3
Дашборды на тех же данных;https://ideav.ru/knowledge-base/14b-dashboards.html;статья КБ;основная;сводные таблицы excel в дашборд;80;ядро (расходится с замером);Автоматизация рутинных операций и отчетов;учебное;не внедрено;1
Дашборды на тех же данных;https://ideav.ru/knowledge-base/14b-dashboards.html;статья КБ;дополнительная;визуализация больших данных;551;ядро (не проверено);Внутренние учетные системы для бизнеса;не размечено;не внедрено;2
Дашборды на тех же данных;https://ideav.ru/knowledge-base/14b-dashboards.html;статья КБ;дополнительная;визуализация больших объемов данных;296;ядро (не проверено);Внутренние учетные системы для бизнеса;не размечено;не внедрено;3
Дашборды на тех же данных;https://ideav.ru/knowledge-base/14b-dashboards.html;статья КБ;дополнительная;бизнес процесс kpi;189;ядро (не проверено);Процессный подход к управлению;не размечено;частично;3
Дашборды на тех же данных;https://ideav.ru/knowledge-base/14b-dashboards.html;статья КБ;дополнительная;показателей kpi бизнес процессов;77;ядро (не проверено);Процессный подход к управлению;не размечено;не внедрено;3
Дашборды на тех же данных;https://ideav.ru/knowledge-base/14b-dashboards.html;статья КБ;дополнительная;инструменты визуализации больших данных;57;ядро (не проверено);Внутренние учетные системы для бизнеса;не размечено;не внедрено;3
Дашборды на тех же данных;https://ideav.ru/knowledge-base/14b-dashboards.html;статья КБ;дополнительная;дашборды на основе excel данных;44;ядро (не проверено);Автоматизация рутинных операций и отчетов;не размечено;не внедрено;3
Дашборды на тех же данных;https://ideav.ru/knowledge-base/14b-dashboards.html;статья КБ;дополнительная;сводные таблицы и дашборды в excel;37;ядро (не проверено);Автоматизация рутинных операций и отчетов;не размечено;не внедрено;3
Дашборды на тех же данных;https://ideav.ru/knowledge-base/14b-dashboards.html;статья КБ;дополнительная;визуализация корпоративных данных;31;ядро (не проверено);Корпоративная аналитика и Big Data;не размечено;не внедрено;3
Дашборды на тех же данных;https://ideav.ru/knowledge-base/14b-dashboards.html;статья КБ;дополнительная;дашборды с автоматическим обновлением данных в реальном времени;12;ядро (не проверено);Автоматизация рутинных операций и отчетов;не размечено;частично;3
Дашборды на тех же данных;https://ideav.ru/knowledge-base/14b-dashboards.html;статья КБ;дополнительная;информационная система и kpi;8;ядро (не проверено);Информационные системы и цифровая трансформация;не размечено;не внедрено;3
Дашборды на тех же данных;https://ideav.ru/knowledge-base/14b-dashboards.html;статья КБ;дополнительная;дашборд таблица;1095;замер 18.08;;не размечено;не внедрено;2
Дашборды на тех же данных;https://ideav.ru/knowledge-base/14b-dashboards.html;статья КБ;дополнительная;как сделать дашборд;1297;замер 18.08;;не размечено;не внедрено;2
Дашборды на тех же данных;https://ideav.ru/knowledge-base/14b-dashboards.html;статья КБ;дополнительная;дашборд сводная таблица;277;замер 18.08;;не размечено;не внедрено;3
Локальное развёртывание и контроль;https://ideav.ru/knowledge-base/15-local-control-files.html;статья КБ;основная;локальные информационные системы это;366;ядро (не проверено);Информационные системы и цифровая трансформация;учебное;не внедрено;1
Локальное развёртывание и контроль;https://ideav.ru/knowledge-base/15-local-control-files.html;статья КБ;дополнительная;что такое локальные информационные системы;42;ядро (не проверено);Информационные системы и цифровая трансформация;не размечено;не внедрено;3
Локальное развёртывание и контроль;https://ideav.ru/knowledge-base/15-local-control-files.html;статья КБ;дополнительная;информационная система и резервное копирование;126;ядро (не проверено);Информационные системы и цифровая трансформация;не размечено;не внедрено;3
Локальное развёртывание и контроль;https://ideav.ru/knowledge-base/15-local-control-files.html;статья КБ;дополнительная;информационная система и облачные технологии;80;ядро (не проверено);Информационные системы и цифровая трансформация;не размечено;частично;3
Локальное развёртывание и контроль;https://ideav.ru/knowledge-base/15-local-control-files.html;статья КБ;дополнительная;информационная система и доступность;549;ядро (не проверено);Информационные системы и цифровая трансформация;не размечено;было изначально;2
Локальное развёртывание и контроль;https://ideav.ru/knowledge-base/15-local-control-files.html;статья КБ;дополнительная;хранение больших объемов данных облачно;38;ядро (не проверено);Внутренние учетные системы для бизнеса;не размечено;не внедрено;3
Локальное развёртывание и контроль;https://ideav.ru/knowledge-base/15-local-control-files.html;статья КБ;дополнительная;информационная система и on-premise;2;ядро (расходится с замером);Информационные системы и цифровая трансформация;не размечено;было изначально;3
Локальное развёртывание и контроль;https://ideav.ru/knowledge-base/15-local-control-files.html;статья КБ;дополнительная;on premise;2827;замер 18.08;Информационные системы и цифровая трансформация;не размечено;частично;2
Локальное развёртывание и контроль;https://ideav.ru/knowledge-base/15-local-control-files.html;статья КБ;дополнительная;локальная информационная система это;103;замер 18.08;;не размечено;не внедрено;3
Локальное развёртывание и контроль;https://ideav.ru/knowledge-base/15-local-control-files.html;статья КБ;дополнительная;сервер on premise;52;замер 18.08;;не размечено;не внедрено;3
Локальное развёртывание и контроль;https://ideav.ru/knowledge-base/15-local-control-files.html;статья КБ;дополнительная;on premise версия;53;замер 18.08;;не размечено;не внедрено;3
Локальное развёртывание и контроль;https://ideav.ru/knowledge-base/15-local-control-files.html;статья КБ;дополнительная;saas или on premise;45;замер 18.08;;не размечено;не внедрено;3
Локальное развёртывание и контроль;https://ideav.ru/knowledge-base/15-local-control-files.html;статья КБ;дополнительная;on premise развертывание;40;замер 18.08;;не размечено;не внедрено;3
Локальное развёртывание и контроль;https://ideav.ru/knowledge-base/15-local-control-files.html;статья КБ;дополнительная;что такое on premise решение;23;замер 18.08;;не размечено;не внедрено;3
Тарифы в токенах вместо оплаты за пользователя;https://ideav.ru/knowledge-base/16-pricing-policy.html;статья КБ;основная;информационная система и стоимость владения;23;ядро (не проверено);Информационные системы и цифровая трансформация;учебное;не внедрено;1
Тарифы в токенах вместо оплаты за пользователя;https://ideav.ru/knowledge-base/16-pricing-policy.html;статья КБ;дополнительная;совокупная стоимость владения;313;замер 18.08;Информационные системы и цифровая трансформация;учебное;не внедрено;2
Тарифы в токенах вместо оплаты за пользователя;https://ideav.ru/knowledge-base/16-pricing-policy.html;статья КБ;дополнительная;стоимость владения;4781;замер 18.08;Информационные системы и цифровая трансформация;общий;не внедрено;2
Тарифы в токенах вместо оплаты за пользователя;https://ideav.ru/knowledge-base/16-pricing-policy.html;статья КБ;дополнительная;стоимость информационных систем;1504;замер 18.08;Информационные системы и цифровая трансформация;покупка;не внедрено;2
Тарифы в токенах вместо оплаты за пользователя;https://ideav.ru/knowledge-base/16-pricing-policy.html;статья КБ;дополнительная;стоимость владения расчет;186;замер 18.08;Информационные системы и цифровая трансформация;не размечено;не внедрено;3
Тарифы в токенах вместо оплаты за пользователя;https://ideav.ru/knowledge-base/16-pricing-policy.html;статья КБ;дополнительная;полная стоимость владения;162;замер 18.08;Информационные системы и цифровая трансформация;не размечено;не внедрено;3
Тарифы в токенах вместо оплаты за пользователя;https://ideav.ru/knowledge-base/16-pricing-policy.html;статья КБ;дополнительная;облачные crm системы;165;ядро (не проверено);BPM и автоматизация бизнес-процессов;не размечено;частично;3
Тарифы в токенах вместо оплаты за пользователя;https://ideav.ru/knowledge-base/16-pricing-policy.html;статья КБ;дополнительная;стоимость tco;159;замер 18.08;Информационные системы и цифровая трансформация;не размечено;не внедрено;3
Тарифы в токенах вместо оплаты за пользователя;https://ideav.ru/knowledge-base/16-pricing-policy.html;статья КБ;дополнительная;tco стоимость владения;139;замер 18.08;Информационные системы и цифровая трансформация;не размечено;не внедрено;3
Тарифы в токенах вместо оплаты за пользователя;https://ideav.ru/knowledge-base/16-pricing-policy.html;статья КБ;дополнительная;лицензия или подписка;124;замер 18.08;BPM и автоматизация бизнес-процессов;выбор;не внедрено;3
Тарифы в токенах вместо оплаты за пользователя;https://ideav.ru/knowledge-base/16-pricing-policy.html;статья КБ;дополнительная;стоимость владения системой;106;замер 18.08;Информационные системы и цифровая трансформация;не размечено;не внедрено;3
Тарифы в токенах вместо оплаты за пользователя;https://ideav.ru/knowledge-base/16-pricing-policy.html;статья КБ;дополнительная;рассчитать стоимость владения;98;замер 18.08;Информационные системы и цифровая трансформация;не размечено;не внедрено;3
Тарифы в токенах вместо оплаты за пользователя;https://ideav.ru/knowledge-base/16-pricing-policy.html;статья КБ;дополнительная;автоматизация лицензирования;89;ядро (не проверено);BPM и автоматизация бизнес-процессов;не размечено;частично;3
Тарифы в токенах вместо оплаты за пользователя;https://ideav.ru/knowledge-base/16-pricing-policy.html;статья КБ;дополнительная;сравнение стоимости владения;80;замер 18.08;Информационные системы и цифровая трансформация;не размечено;не внедрено;3
Тарифы в токенах вместо оплаты за пользователя;https://ideav.ru/knowledge-base/16-pricing-policy.html;статья КБ;дополнительная;сколько стоит crm система;64;ядро (расходится с замером);BPM и автоматизация бизнес-процессов;не размечено;не внедрено;3
Тарифы в токенах вместо оплаты за пользователя;https://ideav.ru/knowledge-base/16-pricing-policy.html;статья КБ;дополнительная;расчет tco;51;замер 18.08;Информационные системы и цифровая трансформация;не размечено;не внедрено;3
Тарифы в токенах вместо оплаты за пользователя;https://ideav.ru/knowledge-base/16-pricing-policy.html;статья КБ;дополнительная;стоимость владения информационной системой;37;замер 18.08;Информационные системы и цифровая трансформация;не размечено;не внедрено;3
Тарифы в токенах вместо оплаты за пользователя;https://ideav.ru/knowledge-base/16-pricing-policy.html;статья КБ;дополнительная;совокупная стоимость владения информационной системой;30;замер 18.08;Информационные системы и цифровая трансформация;не размечено;не внедрено;3
Тарифы в токенах вместо оплаты за пользователя;https://ideav.ru/knowledge-base/16-pricing-policy.html;статья КБ;дополнительная;автоматизация бизнес процессов стоимость;9;ядро (расходится с замером);BPM и автоматизация бизнес-процессов;не размечено;не внедрено;3
Тарифы в токенах вместо оплаты за пользователя;https://ideav.ru/knowledge-base/16-pricing-policy.html;статья КБ;дополнительная;цена увеличения объема таблицы;11;ядро (не проверено);Преодоление технических лимитов и масштабирование;не размечено;не внедрено;3
Тарифы в токенах вместо оплаты за пользователя;https://ideav.ru/knowledge-base/16-pricing-policy.html;статья КБ;дополнительная;стоимость crm системы для малого бизнеса;5;ядро (не проверено);BPM и автоматизация бизнес-процессов;не размечено;не внедрено;3
On-premise в реестре Минцифры;https://ideav.ru/knowledge-base/18-on-premise-procurement.html;статья КБ;основная;информационная система и российское по;1311;ядро (не проверено);Информационные системы и цифровая трансформация;учебное;не внедрено;1
On-premise в реестре Минцифры;https://ideav.ru/knowledge-base/18-on-premise-procurement.html;статья КБ;дополнительная;информационная система и государственные требования;1369;ядро (не проверено);Информационные системы и цифровая трансформация;не размечено;не внедрено;2
On-premise в реестре Минцифры;https://ideav.ru/knowledge-base/18-on-premise-procurement.html;статья КБ;дополнительная;информационная система и стандарты;1597;ядро (не проверено);Информационные системы и цифровая трансформация;не размечено;не внедрено;2
On-premise в реестре Минцифры;https://ideav.ru/knowledge-base/18-on-premise-procurement.html;статья КБ;дополнительная;идентификации и аутентификации пользователя информационной системы;198;ядро (не проверено);Информационные системы и цифровая трансформация;не размечено;не внедрено;3
On-premise в реестре Минцифры;https://ideav.ru/knowledge-base/18-on-premise-procurement.html;статья КБ;дополнительная;информационная система и импортозамещение;58;ядро (не проверено);Информационные системы и цифровая трансформация;не размечено;частично;3
On-premise в реестре Минцифры;https://ideav.ru/knowledge-base/18-on-premise-procurement.html;статья КБ;дополнительная;автоматизация закупок 223 фз;50;ядро (не проверено);BPM и автоматизация бизнес-процессов;не размечено;не внедрено;3
On-premise в реестре Минцифры;https://ideav.ru/knowledge-base/18-on-premise-procurement.html;статья КБ;дополнительная;автоматизация закупок по 223 фз;18;ядро (не проверено);BPM и автоматизация бизнес-процессов;не размечено;не внедрено;3
On-premise в реестре Минцифры;https://ideav.ru/knowledge-base/18-on-premise-procurement.html;статья КБ;дополнительная;автоматизация закупок по 44 фз;7;ядро (не проверено);BPM и автоматизация бизнес-процессов;не размечено;не внедрено;3
On-premise в реестре Минцифры;https://ideav.ru/knowledge-base/18-on-premise-procurement.html;статья КБ;дополнительная;информационная система и соответствие требованиям минцифры;5;ядро (не проверено);Информационные системы и цифровая трансформация;не размечено;не внедрено;3
On-premise в реестре Минцифры;https://ideav.ru/knowledge-base/18-on-premise-procurement.html;статья КБ;дополнительная;реестр отечественного по;9461;замер 18.08;Информационные системы и цифровая трансформация;навигация;не внедрено;2
On-premise в реестре Минцифры;https://ideav.ru/knowledge-base/18-on-premise-procurement.html;статья КБ;дополнительная;on premise;2827;замер 18.08;Информационные системы и цифровая трансформация;учебное;частично;2
On-premise в реестре Минцифры;https://ideav.ru/knowledge-base/18-on-premise-procurement.html;статья КБ;дополнительная;номер в реестре отечественного по;180;замер 18.08;Информационные системы и цифровая трансформация;не размечено;не внедрено;3
On-premise в реестре Минцифры;https://ideav.ru/knowledge-base/18-on-premise-procurement.html;статья КБ;дополнительная;отечественное по включенное в реестр;193;замер 18.08;Информационные системы и цифровая трансформация;не размечено;не внедрено;3
On-premise в реестре Минцифры;https://ideav.ru/knowledge-base/18-on-premise-procurement.html;статья КБ;дополнительная;реестр отечественного по запись;132;замер 18.08;Информационные системы и цифровая трансформация;не размечено;не внедрено;3
On-premise в реестре Минцифры;https://ideav.ru/knowledge-base/18-on-premise-procurement.html;статья КБ;дополнительная;saas или on premise;45;замер 18.08;Информационные системы и цифровая трансформация;не размечено;не внедрено;3
On-premise в реестре Минцифры;https://ideav.ru/knowledge-base/18-on-premise-procurement.html;статья КБ;дополнительная;on premise развертывание;40;замер 18.08;Информационные системы и цифровая трансформация;не размечено;частично;3
On-premise в реестре Минцифры;https://ideav.ru/knowledge-base/18-on-premise-procurement.html;статья КБ;дополнительная;выписка из реестра отечественного по;57;замер 18.08;Информационные системы и цифровая трансформация;не размечено;не внедрено;3
On-premise в реестре Минцифры;https://ideav.ru/knowledge-base/18-on-premise-procurement.html;статья КБ;дополнительная;льготы по реестру отечественного по;36;замер 18.08;Информационные системы и цифровая трансформация;не размечено;не внедрено;3
On-premise в реестре Минцифры;https://ideav.ru/knowledge-base/18-on-premise-procurement.html;статья КБ;дополнительная;реестр отечественного по ндс;62;замер 18.08;Информационные системы и цифровая трансформация;не размечено;не внедрено;3
On-premise в реестре Минцифры;https://ideav.ru/knowledge-base/18-on-premise-procurement.html;статья КБ;дополнительная;что такое on premise решение;23;замер 18.08;Информационные системы и цифровая трансформация;не размечено;не внедрено;3
On-premise в реестре Минцифры;https://ideav.ru/knowledge-base/18-on-premise-procurement.html;статья КБ;дополнительная;тип инсталляции saas или on premise;20;замер 18.08;Информационные системы и цифровая трансформация;не размечено;не внедрено;3
On-premise в реестре Минцифры;https://ideav.ru/knowledge-base/18-on-premise-procurement.html;статья КБ;дополнительная;реестр отечественного по проверить;28;замер 18.08;Информационные системы и цифровая трансформация;не размечено;не внедрено;3
On-premise в реестре Минцифры;https://ideav.ru/knowledge-base/18-on-premise-procurement.html;статья КБ;дополнительная;импортозамещение по 223 фз;8;замер 18.08;BPM и автоматизация бизнес-процессов;не размечено;не внедрено;3
Приложение собирает ИИ-агент;https://ideav.ru/knowledge-base/19-ai-agent-app-build.html;статья КБ;основная;информационные системы и технологии искусственного интеллекта;1371;ядро (не проверено);Информационные системы и цифровая трансформация;учебное;не внедрено;1
Приложение собирает ИИ-агент;https://ideav.ru/knowledge-base/19-ai-agent-app-build.html;статья КБ;дополнительная;информационная система и подходы;1085;ядро (не проверено);Информационные системы и цифровая трансформация;не размечено;не внедрено;2
Приложение собирает ИИ-агент;https://ideav.ru/knowledge-base/19-ai-agent-app-build.html;статья КБ;дополнительная;разработка и создание информационной системы;518;ядро (не проверено);Информационные системы и цифровая трансформация;не размечено;не внедрено;2
Приложение собирает ИИ-агент;https://ideav.ru/knowledge-base/19-ai-agent-app-build.html;статья КБ;дополнительная;информационная система и техническая документация;388;ядро (не проверено);Информационные системы и цифровая трансформация;не размечено;не внедрено;2
Приложение собирает ИИ-агент;https://ideav.ru/knowledge-base/19-ai-agent-app-build.html;статья КБ;дополнительная;ии автоматизация бизнес процессов;155;ядро (расходится с замером);BPM и автоматизация бизнес-процессов;не размечено;не внедрено;3
Приложение собирает ИИ-агент;https://ideav.ru/knowledge-base/19-ai-agent-app-build.html;статья КБ;дополнительная;искусственный интеллект и автоматизация бизнес процессов;76;ядро (расходится с замером);BPM и автоматизация бизнес-процессов;не размечено;не внедрено;3
Приложение собирает ИИ-агент;https://ideav.ru/knowledge-base/19-ai-agent-app-build.html;статья КБ;дополнительная;ии агент приложение;868;замер 18.08;;не размечено;частично;2
Приложение собирает ИИ-агент;https://ideav.ru/knowledge-base/19-ai-agent-app-build.html;статья КБ;дополнительная;ии агенты для бизнеса;1170;замер 18.08;;не размечено;не внедрено;2
Приложение собирает ИИ-агент;https://ideav.ru/knowledge-base/19-ai-agent-app-build.html;статья КБ;дополнительная;создать приложение с помощью ии;851;замер 18.08;;учебное;не внедрено;2
Приложение собирает ИИ-агент;https://ideav.ru/knowledge-base/19-ai-agent-app-build.html;статья КБ;дополнительная;приложение с помощью нейросети;789;замер 18.08;;учебное;не внедрено;2
Приложение собирает ИИ-агент;https://ideav.ru/knowledge-base/19-ai-agent-app-build.html;статья КБ;дополнительная;внедрение ии агентов;729;замер 18.08;;не размечено;не внедрено;2
Память по смыслу без векторной БД;https://ideav.ru/knowledge-base/20-semantic-memory-without-vector-db.html;статья КБ;основная;семантический поиск;1641;замер 18.08;Семантический поиск и векторные базы;учебное;не внедрено;1
Память по смыслу без векторной БД;https://ideav.ru/knowledge-base/20-semantic-memory-without-vector-db.html;статья КБ;дополнительная;векторные базы данных;629;замер 18.08;Семантический поиск и векторные базы;выбор;частично;2
Память по смыслу без векторной БД;https://ideav.ru/knowledge-base/20-semantic-memory-without-vector-db.html;статья КБ;дополнительная;поиск по смыслу;430;замер 18.08;Семантический поиск и векторные базы;не размечено;было изначально;2
Память по смыслу без векторной БД;https://ideav.ru/knowledge-base/20-semantic-memory-without-vector-db.html;статья КБ;дополнительная;векторный поиск;377;замер 18.08;Семантический поиск и векторные базы;общий;не внедрено;2
Память по смыслу без векторной БД;https://ideav.ru/knowledge-base/20-semantic-memory-without-vector-db.html;статья КБ;дополнительная;графовые базы данных;303;замер 18.08;Семантический поиск и векторные базы;общий;частично;2
Память по смыслу без векторной БД;https://ideav.ru/knowledge-base/20-semantic-memory-without-vector-db.html;статья КБ;дополнительная;база знаний для ии;262;замер 18.08;Семантический поиск и векторные базы;не размечено;не внедрено;3
Память по смыслу без векторной БД;https://ideav.ru/knowledge-base/20-semantic-memory-without-vector-db.html;статья КБ;дополнительная;поиск по базе знаний;131;замер 18.08;Семантический поиск и векторные базы;не размечено;не внедрено;3
Память по смыслу без векторной БД;https://ideav.ru/knowledge-base/20-semantic-memory-without-vector-db.html;статья КБ;дополнительная;семантический поиск по документам;21;замер 18.08;Семантический поиск и векторные базы;не размечено;не внедрено;3
Память по смыслу без векторной БД;https://ideav.ru/knowledge-base/20-semantic-memory-without-vector-db.html;статья КБ;дополнительная;with recursive;208;замер 18.08;Семантический поиск и векторные базы;не размечено;было изначально;3
Память по смыслу без векторной БД;https://ideav.ru/knowledge-base/20-semantic-memory-without-vector-db.html;статья КБ;дополнительная;sql рекурсивный запрос;66;замер 18.08;Семантический поиск и векторные базы;не размечено;было изначально;3
Сопоставление каталогов без Elasticsearch;https://ideav.ru/knowledge-base/21-catalog-matching.html;статья КБ;основная;сопоставление номенклатуры;2738;замер 18.08;Внутренние учетные системы для бизнеса;учебное;не внедрено;1
Сопоставление каталогов без Elasticsearch;https://ideav.ru/knowledge-base/21-catalog-matching.html;статья КБ;дополнительная;сопоставление номенклатуры поставщиков;127;замер 18.08;Внутренние учетные системы для бизнеса;не размечено;не внедрено;3
Сопоставление каталогов без Elasticsearch;https://ideav.ru/knowledge-base/21-catalog-matching.html;статья КБ;дополнительная;сопоставление номенклатуры товаров;120;замер 18.08;Внутренние учетные системы для бизнеса;не размечено;не внедрено;3
Сопоставление каталогов без Elasticsearch;https://ideav.ru/knowledge-base/21-catalog-matching.html;статья КБ;дополнительная;сопоставление номенклатуры контрагентов;79;замер 18.08;Внутренние учетные системы для бизнеса;не размечено;не внедрено;3
Сопоставление каталогов без Elasticsearch;https://ideav.ru/knowledge-base/21-catalog-matching.html;статья КБ;дополнительная;нормализация справочников;103;замер 18.08;Внутренние учетные системы для бизнеса;не размечено;не внедрено;3
Сопоставление каталогов без Elasticsearch;https://ideav.ru/knowledge-base/21-catalog-matching.html;статья КБ;дополнительная;настройка сопоставления номенклатуры;41;замер 18.08;BPM и автоматизация бизнес-процессов;не размечено;не внедрено;3
Сопоставление каталогов без Elasticsearch;https://ideav.ru/knowledge-base/21-catalog-matching.html;статья КБ;дополнительная;нормализация справочника номенклатуры;39;замер 18.08;Внутренние учетные системы для бизнеса;не размечено;не внедрено;3
Сопоставление каталогов без Elasticsearch;https://ideav.ru/knowledge-base/21-catalog-matching.html;статья КБ;дополнительная;сравнение прайс листов;31;замер 18.08;Автоматизация рутинных операций и отчетов;не размечено;не внедрено;3
Сопоставление каталогов без Elasticsearch;https://ideav.ru/knowledge-base/21-catalog-matching.html;статья КБ;дополнительная;словарь сопоставления номенклатуры;31;замер 18.08;Внутренние учетные системы для бизнеса;не размечено;не внедрено;3
Информационная система на Интеграме;https://ideav.ru/knowledge-base/22-information-system-constructor.html;статья КБ;основная;создание информационной системы это;1318;ядро (не проверено);Информационные системы и цифровая трансформация;учебное;не внедрено;1
Информационная система на Интеграме;https://ideav.ru/knowledge-base/22-information-system-constructor.html;статья КБ;дополнительная;информационная система и внедрение;3718;ядро (не проверено);Информационные системы и цифровая трансформация;не размечено;не внедрено;2
Информационная система на Интеграме;https://ideav.ru/knowledge-base/22-information-system-constructor.html;статья КБ;дополнительная;проектирование информационной системы ис;170;ядро (не проверено);Информационные системы и цифровая трансформация;не размечено;не внедрено;3
Информационная система на Интеграме;https://ideav.ru/knowledge-base/22-information-system-constructor.html;статья КБ;дополнительная;что такое разработка информационной системы;150;ядро (не проверено);Информационные системы и цифровая трансформация;не размечено;не внедрено;3
Информационная система на Интеграме;https://ideav.ru/knowledge-base/22-information-system-constructor.html;статья КБ;дополнительная;проектирование информационной системы включает;123;ядро (не проверено);Информационные системы и цифровая трансформация;не размечено;не внедрено;3
Информационная система на Интеграме;https://ideav.ru/knowledge-base/22-information-system-constructor.html;статья КБ;дополнительная;разработка и создание информационной системы предприятия;67;ядро (не проверено);Информационные системы и цифровая трансформация;не размечено;не внедрено;3
Информационная система на Интеграме;https://ideav.ru/knowledge-base/22-information-system-constructor.html;статья КБ;дополнительная;информационная система и конструкторы;54;ядро (не проверено);Информационные системы и цифровая трансформация;не размечено;не внедрено;3
Информационная система на Интеграме;https://ideav.ru/knowledge-base/22-information-system-constructor.html;статья КБ;дополнительная;конструктор баз данных no-code;9;ядро (не проверено);Информационные системы и цифровая трансформация;не размечено;частично;3
Информационная система на Интеграме;https://ideav.ru/knowledge-base/22-information-system-constructor.html;статья КБ;дополнительная;конструктор баз данных без кода;7;ядро (не проверено);Информационные системы и цифровая трансформация;не размечено;не внедрено;3
Информационная система на Интеграме;https://ideav.ru/knowledge-base/22-information-system-constructor.html;статья КБ;дополнительная;создание веб приложений без кода;8;ядро (не проверено);Преодоление технических лимитов;не размечено;не внедрено;3
Информационная система на Интеграме;https://ideav.ru/knowledge-base/22-information-system-constructor.html;статья КБ;дополнительная;создание и развитие информационной системы;1417;ядро (расходится с замером);Информационные системы и цифровая трансформация;не размечено;не внедрено;2
Информационная система на Интеграме;https://ideav.ru/knowledge-base/22-information-system-constructor.html;статья КБ;дополнительная;создание и использование информационных систем;918;ядро (не проверено);Информационные системы и цифровая трансформация;не размечено;не внедрено;2
Информационная система на Интеграме;https://ideav.ru/knowledge-base/22-information-system-constructor.html;статья КБ;дополнительная;создание и внедрение информационных систем;424;ядро (не проверено);Информационные системы и цифровая трансформация;не размечено;не внедрено;2
Информационная система на Интеграме;https://ideav.ru/knowledge-base/22-information-system-constructor.html;статья КБ;дополнительная;внедрение информационной системы это;410;ядро (не проверено);Информационные системы и цифровая трансформация;не размечено;не внедрено;2
Информационная система на Интеграме;https://ideav.ru/knowledge-base/22-information-system-constructor.html;статья КБ;дополнительная;информационные системы и этапы развития;396;ядро (не проверено);Информационные системы и цифровая трансформация;не размечено;не внедрено;2
Безопасность и отказоустойчивость;https://ideav.ru/knowledge-base/23-security-fault-tolerance.html;статья КБ;основная;информационная система и защита данных;1928;ядро (не проверено);Информационные системы и цифровая трансформация;учебное;не внедрено;1
Безопасность и отказоустойчивость;https://ideav.ru/knowledge-base/23-security-fault-tolerance.html;статья КБ;дополнительная;информационная система и доступность;549;ядро (не проверено);Информационные системы и цифровая трансформация;не размечено;не внедрено;2
Безопасность и отказоустойчивость;https://ideav.ru/knowledge-base/23-security-fault-tolerance.html;статья КБ;дополнительная;информационная система и кибербезопасность;379;ядро (не проверено);Информационные системы и цифровая трансформация;не размечено;не внедрено;2
Безопасность и отказоустойчивость;https://ideav.ru/knowledge-base/23-security-fault-tolerance.html;статья КБ;дополнительная;информационная система и надежность;347;ядро (не проверено);Информационные системы и цифровая трансформация;не размечено;не внедрено;2
Безопасность и отказоустойчивость;https://ideav.ru/knowledge-base/23-security-fault-tolerance.html;статья КБ;дополнительная;учет информационных систем персональных данных;365;ядро (расходится с замером);Автоматизация рутинных операций и отчетов;не размечено;не внедрено;2
Безопасность и отказоустойчивость;https://ideav.ru/knowledge-base/23-security-fault-tolerance.html;статья КБ;дополнительная;информационная система и резервное копирование;126;ядро (не проверено);Информационные системы и цифровая трансформация;не размечено;частично;3
Безопасность и отказоустойчивость;https://ideav.ru/knowledge-base/23-security-fault-tolerance.html;статья КБ;дополнительная;безопасность и надежность информационной системы;90;ядро (не проверено);Информационные системы и цифровая трансформация;не размечено;не внедрено;3
Безопасность и отказоустойчивость;https://ideav.ru/knowledge-base/23-security-fault-tolerance.html;статья КБ;дополнительная;надежность и качество информационных систем;45;ядро (не проверено);Информационные системы и цифровая трансформация;не размечено;не внедрено;3
Безопасность и отказоустойчивость;https://ideav.ru/knowledge-base/23-security-fault-tolerance.html;статья КБ;дополнительная;информационная система и отказоустойчивость;29;ядро (не проверено);Информационные системы и цифровая трансформация;не размечено;не внедрено;3
Безопасность и отказоустойчивость;https://ideav.ru/knowledge-base/23-security-fault-tolerance.html;статья КБ;дополнительная;защита информации и информационных систем;5203;ядро (не проверено);Информационные системы и цифровая трансформация;не размечено;не внедрено;2
Безопасность и отказоустойчивость;https://ideav.ru/knowledge-base/23-security-fault-tolerance.html;статья КБ;дополнительная;защита данных в информационной системе;2181;замер 18.08;;не размечено;не внедрено;2
Безопасность и отказоустойчивость;https://ideav.ru/knowledge-base/23-security-fault-tolerance.html;статья КБ;дополнительная;система защиты данных;6772;замер 18.08;;не размечено;не внедрено;2
Безопасность и отказоустойчивость;https://ideav.ru/knowledge-base/23-security-fault-tolerance.html;статья КБ;дополнительная;требования к защите данных;4191;замер 18.08;;не размечено;частично;2
Безопасность и отказоустойчивость;https://ideav.ru/knowledge-base/23-security-fault-tolerance.html;статья КБ;дополнительная;защита данных организации;3045;замер 18.08;;не размечено;не внедрено;2
Безопасность и отказоустойчивость;https://ideav.ru/knowledge-base/23-security-fault-tolerance.html;статья КБ;дополнительная;защита данных шифрование;1469;замер 18.08;;не размечено;частично;2
Безопасность и отказоустойчивость;https://ideav.ru/knowledge-base/23-security-fault-tolerance.html;статья КБ;дополнительная;уровни защиты данных;1689;замер 18.08;;не размечено;частично;2
Безопасность и отказоустойчивость;https://ideav.ru/knowledge-base/23-security-fault-tolerance.html;статья КБ;дополнительная;защита базы данных;1581;замер 18.08;;не размечено;не внедрено;2
Безопасность и отказоустойчивость;https://ideav.ru/knowledge-base/23-security-fault-tolerance.html;статья КБ;дополнительная;отказоустойчивость;2317;замер 18.08;;не размечено;было изначально;2
Безопасность и отказоустойчивость;https://ideav.ru/knowledge-base/23-security-fault-tolerance.html;статья КБ;дополнительная;обеспечение отказоустойчивости;223;замер 18.08;;не размечено;не внедрено;3
Безопасность и отказоустойчивость;https://ideav.ru/knowledge-base/23-security-fault-tolerance.html;статья КБ;дополнительная;уровень отказоустойчивости;153;замер 18.08;;не размечено;не внедрено;3
Безопасность и отказоустойчивость;https://ideav.ru/knowledge-base/23-security-fault-tolerance.html;статья КБ;дополнительная;отказоустойчивость данных;131;замер 18.08;;не размечено;не внедрено;3
Безопасность и отказоустойчивость;https://ideav.ru/knowledge-base/23-security-fault-tolerance.html;статья КБ;дополнительная;катастрофоустойчивость и отказоустойчивость;22;замер 18.08;;не размечено;не внедрено;3
Pure Business Design;https://ideav.ru/knowledge-base/24-pure-business-design.html;статья КБ;основная;информационная система и без кода;27;ядро (не проверено);Информационные системы и цифровая трансформация;учебное;не внедрено;1
Pure Business Design;https://ideav.ru/knowledge-base/24-pure-business-design.html;статья КБ;дополнительная;no code платформы;117;ядро (не проверено);Преодоление технических лимитов и масштабирование;не размечено;не внедрено;3
Pure Business Design;https://ideav.ru/knowledge-base/24-pure-business-design.html;статья КБ;дополнительная;платформы быстрой разработки приложений;49;ядро (расходится с замером);Информационные системы и цифровая трансформация;не размечено;не внедрено;3
Pure Business Design;https://ideav.ru/knowledge-base/24-pure-business-design.html;статья КБ;дополнительная;как создать приложение без программирования;44;ядро (расходится с замером);Преодоление технических лимитов и масштабирование;не размечено;не внедрено;3
Pure Business Design;https://ideav.ru/knowledge-base/24-pure-business-design.html;статья КБ;дополнительная;автоматизация без программирования;52;ядро (расходится с замером);BPM и автоматизация бизнес-процессов;не размечено;не внедрено;3
Pure Business Design;https://ideav.ru/knowledge-base/24-pure-business-design.html;статья КБ;дополнительная;конструктор приложений без кода;59;замер 18.08;;не размечено;не внедрено;3
Pure Business Design;https://ideav.ru/knowledge-base/24-pure-business-design.html;статья КБ;дополнительная;генерация интерфейса приложения;31;замер 18.08;;не размечено;не внедрено;3
Pure Business Design;https://ideav.ru/knowledge-base/24-pure-business-design.html;статья КБ;дополнительная;ии генерация интерфейса;25;замер 18.08;;не размечено;не внедрено;3
Умный импорт из Google Sheets;https://ideav.ru/knowledge-base/17-smart-google-import.html;статья КБ;основная;автоматизация загрузки данных;37;ядро (расходится с замером);BPM и автоматизация бизнес-процессов;покупка;не внедрено;1
Умный импорт из Google Sheets;https://ideav.ru/knowledge-base/17-smart-google-import.html;статья КБ;дополнительная;загрузка данных из excel;393;замер 18.08;Автоматизация рутинных операций и отчетов;учебное;не внедрено;2
Умный импорт из Google Sheets;https://ideav.ru/knowledge-base/17-smart-google-import.html;статья КБ;дополнительная;импорт из excel;699;замер 18.08;Автоматизация рутинных операций и отчетов;не размечено;не внедрено;2
Умный импорт из Google Sheets;https://ideav.ru/knowledge-base/17-smart-google-import.html;статья КБ;дополнительная;импорт csv;926;замер 18.08;Автоматизация рутинных операций и отчетов;не размечено;не внедрено;2
Умный импорт из Google Sheets;https://ideav.ru/knowledge-base/17-smart-google-import.html;статья КБ;дополнительная;импорт файла csv;311;замер 18.08;Автоматизация рутинных операций и отчетов;не размечено;не внедрено;2
Умный импорт из Google Sheets;https://ideav.ru/knowledge-base/17-smart-google-import.html;статья КБ;дополнительная;excel импорт данных;310;замер 18.08;Автоматизация рутинных операций и отчетов;не размечено;не внедрено;2
Умный импорт из Google Sheets;https://ideav.ru/knowledge-base/17-smart-google-import.html;статья КБ;дополнительная;импорт данных таблицы;234;замер 18.08;Автоматизация рутинных операций и отчетов;не размечено;не внедрено;3
Умный импорт из Google Sheets;https://ideav.ru/knowledge-base/17-smart-google-import.html;статья КБ;дополнительная;как сделать импорт данных;99;замер 18.08;Автоматизация рутинных операций и отчетов;не размечено;не внедрено;3
Умный импорт из Google Sheets;https://ideav.ru/knowledge-base/17-smart-google-import.html;статья КБ;дополнительная;ошибка при импорте данных;89;замер 18.08;Автоматизация рутинных операций и отчетов;проблема;не внедрено;3
Умный импорт из Google Sheets;https://ideav.ru/knowledge-base/17-smart-google-import.html;статья КБ;дополнительная;гугл импорт данных;70;замер 18.08;Автоматизация рутинных операций и отчетов;не размечено;не внедрено;3
Умный импорт из Google Sheets;https://ideav.ru/knowledge-base/17-smart-google-import.html;статья КБ;дополнительная;импорт excel в базу данных;53;замер 18.08;Информационные системы и цифровая трансформация;не размечено;частично;3
Умный импорт из Google Sheets;https://ideav.ru/knowledge-base/17-smart-google-import.html;статья КБ;дополнительная;импорт google таблицы;51;замер 18.08;Автоматизация рутинных операций и отчетов;не размечено;не внедрено;3
Умный импорт из Google Sheets;https://ideav.ru/knowledge-base/17-smart-google-import.html;статья КБ;дополнительная;модуль импорта данных;39;замер 18.08;BPM и автоматизация бизнес-процессов;не размечено;не внедрено;3
Умный импорт из Google Sheets;https://ideav.ru/knowledge-base/17-smart-google-import.html;статья КБ;дополнительная;мастер импорта данных;39;замер 18.08;BPM и автоматизация бизнес-процессов;не размечено;не внедрено;3
Умный импорт из Google Sheets;https://ideav.ru/knowledge-base/17-smart-google-import.html;статья КБ;дополнительная;импорт данных некорректен;27;замер 18.08;Автоматизация рутинных операций и отчетов;проблема;не внедрено;3
Умный импорт из Google Sheets;https://ideav.ru/knowledge-base/17-smart-google-import.html;статья КБ;дополнительная;автоматизация выгрузки данных;29;ядро (не проверено);BPM и автоматизация бизнес-процессов;не размечено;частично;3
Умный импорт из Google Sheets;https://ideav.ru/knowledge-base/17-smart-google-import.html;статья КБ;дополнительная;импорт и экспорт данных информационной системы;15;ядро (расходится с замером);Информационные системы и цифровая трансформация;не размечено;не внедрено;3
Умный импорт из Google Sheets;https://ideav.ru/knowledge-base/17-smart-google-import.html;статья КБ;дополнительная;как перенести данные из excel без потерь;15;ядро (не проверено);Автоматизация рутинных операций и отчетов;не размечено;не внедрено;3
