страница;url;роль;ключевое слово;частота;направление;статус;источник
Главная;https://ideav.ru/;основная;no code платформы;117;Преодоление технических лимитов и масштабирование;частично;strategiya-poblochno-2026-08-05.md + zamer3-2026-08-18/glavnaya.md
Главная;https://ideav.ru/;дополнительная;что такое информационная система;6170;Информационные системы и цифровая трансформация;было изначально;semantic-core-on-homepage.csv (текст)
Главная;https://ideav.ru/;дополнительная;вместо excel;518;Преодоление технических лимитов и масштабирование;было изначально;semantic-core-on-homepage.csv (текст)
Главная;https://ideav.ru/;дополнительная;аналог excel;283;Преодоление технических лимитов и масштабирование;внедрено;strategiya-poblochno-2026-08-05.md + zamer3-2026-08-18/glavnaya.md
Главная;https://ideav.ru/;дополнительная;информационная система и конструкторы;54;Информационные системы и цифровая трансформация;не внедрено;strategiya-poblochno-2026-08-05.md + zamer3-2026-08-18/glavnaya.md
Главная;https://ideav.ru/;дополнительная;чем заменить excel;54;Преодоление технических лимитов и масштабирование;не внедрено;strategiya-poblochno-2026-08-05.md + zamer3-2026-08-18/glavnaya.md
Главная;https://ideav.ru/;дополнительная;максимальный размер таблицы;46;Преодоление технических лимитов и масштабирование;было изначально;semantic-core-on-homepage.csv (текст)
Главная;https://ideav.ru/;дополнительная;создание формы из excel таблицы;30;Автоматизация рутинных операций и отчетов;было изначально;semantic-core-on-homepage.csv (текст)
Главная;https://ideav.ru/;дополнительная;автоматическое обновление данных из excel;22;Автоматизация рутинных операций и отчетов;было изначально;semantic-core-on-homepage.csv (текст)
Главная;https://ideav.ru/;дополнительная;парсинг excel файлов;22;Автоматизация рутинных операций и отчетов;было изначально;semantic-core-on-homepage.csv (текст)
Главная;https://ideav.ru/;дополнительная;аналог airtable;16;Преодоление технических лимитов и масштабирование;было изначально;semantic-core-on-homepage.csv (H1)
Главная;https://ideav.ru/;дополнительная;конвертация excel в приложение;12;Автоматизация рутинных операций и отчетов;было изначально;semantic-core-on-homepage.csv (текст)
Главная;https://ideav.ru/;дополнительная;российский аналог airtable;10;BPM и автоматизация бизнес-процессов;было изначально;semantic-core-on-homepage.csv (текст)
Главная;https://ideav.ru/;дополнительная;создание веб-приложений для аналитиков;7;Преодоление технических лимитов и масштабирование;было изначально;semantic-core-on-homepage.csv (текст)
Главная;https://ideav.ru/;дополнительная;excel в;0;Процессный подход к управлению;было изначально;semantic-core-on-homepage.csv (текст)
Главная;https://ideav.ru/;дополнительная;автоматическое обновление;0;Процессный подход к управлению;было изначально;semantic-core-on-homepage.csv (текст)
Главная;https://ideav.ru/;дополнительная;загрузить excel;0;Процессный подход к управлению;было изначально;semantic-core-on-homepage.csv (текст)
Главная;https://ideav.ru/;дополнительная;замена excel;0;Процессный подход к управлению;было изначально;semantic-core-on-homepage.csv (title+H1)
Главная;https://ideav.ru/;дополнительная;конвертация excel;0;Процессный подход к управлению;было изначально;semantic-core-on-homepage.csv (текст)
Главная;https://ideav.ru/;дополнительная;миграция данных;0;Процессный подход к управлению;было изначально;semantic-core-on-homepage.csv (текст)
Главная;https://ideav.ru/;дополнительная;производительность таблиц с миллионами строк;0;Преодоление технических лимитов и масштабирование;было изначально;semantic-core-on-homepage.csv (текст)
Главная;https://ideav.ru/;дополнительная;создание форм;0;Процессный подход к управлению;было изначально;semantic-core-on-homepage.csv (текст)
Сравнение с Битрикс24 и AmoCRM;https://ideav.ru/sravnenie-s-bitrix-amocrm.html;основная;crm система что это такое;9408;BPM и автоматизация бизнес-процессов;частично;strategiya-poblochno-2026-08-05.md + zamer3-2026-08-18/sravnenie.md
Сравнение с Битрикс24 и AmoCRM;https://ideav.ru/sravnenie-s-bitrix-amocrm.html;дополнительная;crm системы клиентов;1225;BPM и автоматизация бизнес-процессов;не внедрено;strategiya-poblochno-2026-08-05.md + zamer3-2026-08-18/sravnenie.md
Сравнение с Битрикс24 и AmoCRM;https://ideav.ru/sravnenie-s-bitrix-amocrm.html;дополнительная;внедрение crm системы;657;BPM и автоматизация бизнес-процессов;не внедрено;strategiya-poblochno-2026-08-05.md + zamer3-2026-08-18/sravnenie.md
Сравнение с Битрикс24 и AmoCRM;https://ideav.ru/sravnenie-s-bitrix-amocrm.html;дополнительная;вместо excel;518;Преодоление технических лимитов и масштабирование;было изначально;semantic-core-on-sravnenie.csv (текст)
Сравнение с Битрикс24 и AmoCRM;https://ideav.ru/sravnenie-s-bitrix-amocrm.html;дополнительная;crm система битрикс;298;BPM и автоматизация бизнес-процессов;не внедрено;strategiya-poblochno-2026-08-05.md + zamer3-2026-08-18/sravnenie.md
Сравнение с Битрикс24 и AmoCRM;https://ideav.ru/sravnenie-s-bitrix-amocrm.html;дополнительная;конструктор crm;вне ядра;вне ядра;не внедрено;zamer3-2026-08-18/sravnenie.md
Сравнение с Битрикс24 и AmoCRM;https://ideav.ru/sravnenie-s-bitrix-amocrm.html;дополнительная;чем crm-конструктор отличается от готовой crm-системы;вне ядра;вне ядра;внедрено;strategiya-poblochno-2026-08-05.md + zamer3-2026-08-18/sravnenie.md
Сравнение с Битрикс24 и AmoCRM;https://ideav.ru/sravnenie-s-bitrix-amocrm.html;дополнительная;что такое crm;вне ядра;вне ядра;не внедрено;zamer3-2026-08-18/sravnenie.md
Загрузите Excel — получите приложение;https://ideav.ru/excel-to-app.html;основная;аналог excel;283;Преодоление технических лимитов и масштабирование;внедрено;strategiya-poblochno-2026-08-05.md + zamer3-2026-08-18/excel-to-app.md
Загрузите Excel — получите приложение;https://ideav.ru/excel-to-app.html;дополнительная;вместо excel;518;Преодоление технических лимитов и масштабирование;было изначально;semantic-core-on-excel-to-app.csv (текст)
Загрузите Excel — получите приложение;https://ideav.ru/excel-to-app.html;дополнительная;аналоги excel;283;Преодоление технических лимитов и масштабирование;не внедрено;strategiya-poblochno-2026-08-05.md + zamer3-2026-08-18/excel-to-app.md
Загрузите Excel — получите приложение;https://ideav.ru/excel-to-app.html;дополнительная;аналог эксель;251;Преодоление технических лимитов и масштабирование;не внедрено;zamer3-2026-08-18/excel-to-app.md
Загрузите Excel — получите приложение;https://ideav.ru/excel-to-app.html;дополнительная;автоматизация excel таблиц;160;Автоматизация рутинных операций и отчетов;не внедрено;strategiya-poblochno-2026-08-05.md + zamer3-2026-08-18/excel-to-app.md
Загрузите Excel — получите приложение;https://ideav.ru/excel-to-app.html;дополнительная;преимущества электронных таблиц;136;Автоматизация рутинных операций и отчетов;не внедрено;zamer3-2026-08-18/excel-to-app.md
Загрузите Excel — получите приложение;https://ideav.ru/excel-to-app.html;дополнительная;excel работа с большими данными;133;Внутренние учетные системы для бизнеса;не внедрено;strategiya-poblochno-2026-08-05.md
Загрузите Excel — получите приложение;https://ideav.ru/excel-to-app.html;дополнительная;аналог гугл таблиц;125;Преодоление технических лимитов и масштабирование;не внедрено;zamer3-2026-08-18/excel-to-app.md
Загрузите Excel — получите приложение;https://ideav.ru/excel-to-app.html;дополнительная;excel автоматизация процессов;103;Автоматизация рутинных операций и отчетов;не внедрено;zamer3-2026-08-18/excel-to-app.md
Конструктор приложений вместо Excel;https://ideav.ru/konstruktor-prilozhenij.html;основная;вместо excel;518;Преодоление технических лимитов и масштабирование;было изначально;semantic-core-on-konstruktor-prilozhenij.csv (title+H1)
Конструктор приложений вместо Excel;https://ideav.ru/konstruktor-prilozhenij.html;дополнительная;аналог excel;283;Преодоление технических лимитов и масштабирование;внедрено;strategiya-poblochno-2026-08-05.md + zamer3-2026-08-18/konstruktor-prilozhenij.md
Конструктор приложений вместо Excel;https://ideav.ru/konstruktor-prilozhenij.html;дополнительная;аналог эксель;251;Преодоление технических лимитов и масштабирование;не внедрено;zamer3-2026-08-18/konstruktor-prilozhenij.md
Конструктор приложений вместо Excel;https://ideav.ru/konstruktor-prilozhenij.html;дополнительная;автоматизация таблиц excel;160;Автоматизация рутинных операций и отчетов;не внедрено;strategiya-poblochno-2026-08-05.md + zamer3-2026-08-18/konstruktor-prilozhenij.md
Конструктор приложений вместо Excel;https://ideav.ru/konstruktor-prilozhenij.html;дополнительная;excel автоматизация процессов;103;Автоматизация рутинных операций и отчетов;не внедрено;strategiya-poblochno-2026-08-05.md + zamer3-2026-08-18/konstruktor-prilozhenij.md
Конструктор приложений вместо Excel;https://ideav.ru/konstruktor-prilozhenij.html;дополнительная;crm система excel;100;BPM и автоматизация бизнес-процессов;не внедрено;strategiya-poblochno-2026-08-05.md
Конструктор приложений вместо Excel;https://ideav.ru/konstruktor-prilozhenij.html;дополнительная;сводные таблицы excel в дашборд;80;Автоматизация рутинных операций и отчетов;не внедрено;otchet-konstruktor-prilozhenij-2026-08-05.md + zamer3-2026-08-18/konstruktor-prilozhenij.md
Конструктор приложений вместо Excel;https://ideav.ru/konstruktor-prilozhenij.html;дополнительная;сводные таблицы и дашборды в excel;37;Автоматизация рутинных операций и отчетов;не внедрено;otchet-konstruktor-prilozhenij-2026-08-05.md + zamer3-2026-08-18/konstruktor-prilozhenij.md
Конструктор приложений вместо Excel;https://ideav.ru/konstruktor-prilozhenij.html;дополнительная;аналог airtable;16;Преодоление технических лимитов и масштабирование;было изначально;semantic-core-on-konstruktor-prilozhenij.csv (текст)
Конструктор приложений вместо Excel;https://ideav.ru/konstruktor-prilozhenij.html;дополнительная;российский аналог airtable;10;BPM и автоматизация бизнес-процессов;было изначально;semantic-core-on-konstruktor-prilozhenij.csv (текст)
Конструктор приложений вместо Excel;https://ideav.ru/konstruktor-prilozhenij.html;дополнительная;excel в;0;Процессный подход к управлению;было изначально;semantic-core-on-konstruktor-prilozhenij.csv (текст)
Конструктор приложений вместо Excel;https://ideav.ru/konstruktor-prilozhenij.html;дополнительная;загрузить excel;0;Процессный подход к управлению;было изначально;semantic-core-on-konstruktor-prilozhenij.csv (текст)
ИИ-агент вместо low-code платформ;https://ideav.ru/agent-platforms.html;основная;информационная система и платформы;2393;Информационные системы и цифровая трансформация;внедрено;strategiya-poblochno-2026-08-05.md + zamer3-2026-08-18/agent-platforms.md
ИИ-агент вместо low-code платформ;https://ideav.ru/agent-platforms.html;дополнительная;информационная система и искусственный интеллект;1986;Информационные системы и цифровая трансформация;не внедрено;strategiya-poblochno-2026-08-05.md + zamer3-2026-08-18/agent-platforms.md
ИИ-агент вместо low-code платформ;https://ideav.ru/agent-platforms.html;дополнительная;автоматизация рутинных задач;1759;BPM и автоматизация бизнес-процессов;не внедрено;strategiya-poblochno-2026-08-05.md + zamer3-2026-08-18/agent-platforms.md
ИИ-агент вместо low-code платформ;https://ideav.ru/agent-platforms.html;дополнительная;платформа больших данных;1114;Внутренние учетные системы для бизнеса;не внедрено;strategiya-poblochno-2026-08-05.md + zamer3-2026-08-18/agent-platforms.md
ИИ-агент вместо low-code платформ;https://ideav.ru/agent-platforms.html;дополнительная;искусственный интеллект и интеллектуальные информационные системы;267;Информационные системы и цифровая трансформация;не внедрено;strategiya-poblochno-2026-08-05.md + zamer3-2026-08-18/agent-platforms.md
ИИ-агент вместо low-code платформ;https://ideav.ru/agent-platforms.html;дополнительная;система bpm;11;BPM и автоматизация бизнес-процессов;было изначально;semantic-core-on-agent-platforms.csv (текст)
ИИ-агент вместо low-code платформ;https://ideav.ru/agent-platforms.html;дополнительная;api для;0;Процессный подход к управлению;было изначально;semantic-core-on-agent-platforms.csv (текст)
ИИ-агент вместо low-code платформ;https://ideav.ru/agent-platforms.html;дополнительная;загрузить excel;0;Процессный подход к управлению;было изначально;semantic-core-on-agent-platforms.csv (текст)
ИИ-агент вместо low-code платформ;https://ideav.ru/agent-platforms.html;дополнительная;low-code;вне ядра;вне ядра;внедрено;strategiya-poblochno-2026-08-05.md + zamer3-2026-08-18/agent-platforms.md
Массовое сопоставление каталогов;https://ideav.ru/catalog-matching.html;основная;каталог данных предприятия;58;Внутренние учетные системы для бизнеса;не внедрено;strategiya-poblochno-2026-08-05.md + zamer3-2026-08-18/catalog-matching.md
Массовое сопоставление каталогов;https://ideav.ru/catalog-matching.html;дополнительная;информационная система и справочники;281;Информационные системы и цифровая трансформация;не внедрено;strategiya-poblochno-2026-08-05.md + zamer3-2026-08-18/catalog-matching.md
Массовое сопоставление каталогов;https://ideav.ru/catalog-matching.html;дополнительная;сопоставление каталогов;вне ядра;вне ядра;было изначально;zamer3-2026-08-18/catalog-matching.md
Массовое сопоставление каталогов;https://ideav.ru/catalog-matching.html;дополнительная;сопоставление номенклатуры;вне ядра;вне ядра;не внедрено;zamer3-2026-08-18/catalog-matching.md
Токены Интеграма;https://ideav.ru/tokens.html;основная;crm система стоимость;75;BPM и автоматизация бизнес-процессов;не внедрено;strategiya-poblochno-2026-08-05.md + zamer3-2026-08-18/tokens.md
Токены Интеграма;https://ideav.ru/tokens.html;дополнительная;учет оплаты клиентов;245;BPM и автоматизация бизнес-процессов;не внедрено;strategiya-poblochno-2026-08-05.md + zamer3-2026-08-18/tokens.md
Токены Интеграма;https://ideav.ru/tokens.html;дополнительная;стоимость действий;вне ядра;вне ядра;не внедрено;zamer3-2026-08-18/tokens.md
Токены Интеграма;https://ideav.ru/tokens.html;дополнительная;токены;вне ядра;вне ядра;было изначально;zamer3-2026-08-18/tokens.md
Информационная система: что это простыми словами;https://ideav.ru/informatsionnaya-sistema.html;основная;информационная система и технологии;51188;Информационные системы и цифровая трансформация;внедрено;strategiya-poblochno-2026-08-05.md + zamer3-2026-08-18/informatsionnaya-sistema.md
Информационная система: что это простыми словами;https://ideav.ru/informatsionnaya-sistema.html;дополнительная;информационная система и данные;19385;Информационные системы и цифровая трансформация;не внедрено;strategiya-poblochno-2026-08-05.md + zamer3-2026-08-18/informatsionnaya-sistema.md
Информационная система: что это простыми словами;https://ideav.ru/informatsionnaya-sistema.html;дополнительная;информационная система и сопровождение;14819;Информационные системы и цифровая трансформация;частично;strategiya-poblochno-2026-08-05.md + zamer3-2026-08-18/informatsionnaya-sistema.md
Информационная система: что это простыми словами;https://ideav.ru/informatsionnaya-sistema.html;дополнительная;информационная система и управление;13482;Информационные системы и цифровая трансформация;не внедрено;strategiya-poblochno-2026-08-05.md + zamer3-2026-08-18/informatsionnaya-sistema.md
Информационная система: что это простыми словами;https://ideav.ru/informatsionnaya-sistema.html;дополнительная;информационная система и безопасность;12384;Информационные системы и цифровая трансформация;внедрено;strategiya-poblochno-2026-08-05.md + zamer3-2026-08-18/informatsionnaya-sistema.md
Информационная система: что это простыми словами;https://ideav.ru/informatsionnaya-sistema.html;дополнительная;информационная система и разработка;8790;Информационные системы и цифровая трансформация;не внедрено;strategiya-poblochno-2026-08-05.md + zamer3-2026-08-18/informatsionnaya-sistema.md
Информационная система: что это простыми словами;https://ideav.ru/informatsionnaya-sistema.html;дополнительная;информационная система и использование;8676;Информационные системы и цифровая трансформация;не внедрено;strategiya-poblochno-2026-08-05.md + zamer3-2026-08-18/informatsionnaya-sistema.md
Информационная система: что это простыми словами;https://ideav.ru/informatsionnaya-sistema.html;дополнительная;что такое информационная система;6170;Информационные системы и цифровая трансформация;было изначально;semantic-core-on-informatsionnaya-sistema.csv (title)
Информационная система: что это простыми словами;https://ideav.ru/informatsionnaya-sistema.html;дополнительная;информационная система и функции;5572;Информационные системы и цифровая трансформация;не внедрено;strategiya-poblochno-2026-08-05.md + zamer3-2026-08-18/informatsionnaya-sistema.md
Информационная система: что это простыми словами;https://ideav.ru/informatsionnaya-sistema.html;дополнительная;определение информационной системы;5449;Информационные системы и цифровая трансформация;было изначально;semantic-core-on-informatsionnaya-sistema.csv (текст)
Информационная система: что это простыми словами;https://ideav.ru/informatsionnaya-sistema.html;дополнительная;информационная система простыми словами;1299;Информационные системы и цифровая трансформация;было изначально;semantic-core-on-informatsionnaya-sistema.csv (текст)
Информационная система: что это простыми словами;https://ideav.ru/informatsionnaya-sistema.html;дополнительная;вместо excel;518;Преодоление технических лимитов и масштабирование;было изначально;semantic-core-on-informatsionnaya-sistema.csv (текст)
Информационная система: что это простыми словами;https://ideav.ru/informatsionnaya-sistema.html;дополнительная;систем инфо;127;Преодоление технических лимитов и масштабирование;было изначально;semantic-core-on-informatsionnaya-sistema.csv (текст)
Информационная система: что это простыми словами;https://ideav.ru/informatsionnaya-sistema.html;дополнительная;что такое информационная система простыми словами;114;Информационные системы и цифровая трансформация;было изначально;semantic-core-on-informatsionnaya-sistema.csv (текст)
Информационная система: что это простыми словами;https://ideav.ru/informatsionnaya-sistema.html;дополнительная;какие бывают виды информационных систем;18;Информационные системы и цифровая трансформация;было изначально;semantic-core-on-informatsionnaya-sistema.csv (текст)
Информационная система: что это простыми словами;https://ideav.ru/informatsionnaya-sistema.html;дополнительная;быстрый старт;0;Процессный подход к управлению;было изначально;semantic-core-on-informatsionnaya-sistema.csv (текст)
Информационная система: что это простыми словами;https://ideav.ru/informatsionnaya-sistema.html;дополнительная;загрузить excel;0;Процессный подход к управлению;было изначально;semantic-core-on-informatsionnaya-sistema.csv (текст)
Информационная система: что это простыми словами;https://ideav.ru/informatsionnaya-sistema.html;дополнительная;замена excel;0;Процессный подход к управлению;было изначально;semantic-core-on-informatsionnaya-sistema.csv (текст)
